Season,Rank,Team,P,W,D,L,GF,GA,GD,Pts,GAVG,Summary
2010/2011,1,Barcelona,38,30,6,2,95,21,74,96,4.52,Overall
2010/2011,2,Real Madrid,38,29,5,4,102,33,69,92,3.09,Overall
2010/2011,3,Valencia,38,21,8,9,64,44,20,71,1.45,Overall
2010/2011,4,Villarreal,38,18,8,12,54,44,10,62,1.23,Overall
2010/2011,5,Sevilla,38,17,7,14,62,61,1,58,1.02,Overall
2010/2011,6,Athletic Bilbao,38,18,4,16,59,55,4,58,1.07,Overall
2010/2011,7,Atletico Madrid,38,17,7,14,62,53,9,58,1.17,Overall
2010/2011,8,Espanyol,38,15,4,19,46,55,-9,49,0.84,Overall
2010/2011,9,Osasuna,38,13,8,17,45,46,-1,47,0.98,Overall
2010/2011,10,Sporting Gijon,38,11,14,13,35,42,-7,47,0.83,Overall
2010/2011,11,Malaga,38,13,7,18,54,68,-14,46,0.79,Overall
2010/2011,12,Racing Santander,38,12,10,16,41,56,-15,46,0.73,Overall
2010/2011,13,Real Zaragoza,38,12,9,17,40,53,-13,45,0.75,Overall
2010/2011,14,Levante,38,12,9,17,41,52,-11,45,0.79,Overall
2010/2011,15,Real Sociedad,38,14,3,21,49,66,-17,45,0.74,Overall
2010/2011,16,Getafe,38,12,8,18,49,60,-11,44,0.82,Overall
2010/2011,17,Mallorca,38,12,8,18,41,56,-15,44,0.73,Overall
2010/2011,18,Deportivo La Coruna,38,10,13,15,31,47,-16,43,0.66,Overall
2010/2011,19,Hercules,38,9,8,21,36,60,-24,35,0.6,Overall
2010/2011,20,Almeria,38,6,12,20,36,70,-34,30,0.51,Overall
2011/2012,1,Real Madrid,38,32,4,2,121,32,89,100,3.78,Overall
2011/2012,2,Barcelona,38,28,7,3,114,29,85,91,3.93,Overall
2011/2012,3,Valencia,38,17,10,11,59,44,15,61,1.34,Overall
2011/2012,4,Malaga,38,17,7,14,54,53,1,58,1.02,Overall
2011/2012,5,Atletico Madrid,38,15,11,12,53,46,7,56,1.15,Overall
2011/2012,6,Levante,38,16,7,15,54,50,4,55,1.08,Overall
2011/2012,7,Osasuna,38,13,15,10,44,61,-17,54,0.72,Overall
2011/2012,8,Mallorca,38,14,10,14,42,46,-4,52,0.91,Overall
2011/2012,9,Sevilla,38,13,11,14,48,47,1,50,1.02,Overall
2011/2012,10,Athletic Bilbao,38,12,13,13,49,52,-3,49,0.94,Overall
2011/2012,11,Getafe,38,12,11,15,40,51,-11,47,0.78,Overall
2011/2012,12,Real Sociedad,38,12,11,15,46,52,-6,47,0.88,Overall
2011/2012,13,Real Betis,38,13,8,17,47,56,-9,47,0.84,Overall
2011/2012,14,Espanyol,38,12,10,16,46,56,-10,46,0.82,Overall
2011/2012,15,Rayo Vallecano,38,13,4,21,53,73,-20,43,0.73,Overall
2011/2012,16,Real Zaragoza,38,12,7,19,36,61,-25,43,0.59,Overall
2011/2012,17,Granada,38,12,6,20,35,56,-21,42,0.63,Overall
2011/2012,18,Villarreal,38,9,14,15,39,53,-14,41,0.74,Overall
2011/2012,19,Sporting Gijon,38,10,7,21,42,69,-27,37,0.61,Overall
2011/2012,20,Racing Santander,38,4,15,19,28,63,-35,27,0.44,Overall
2012/2013,1,Barcelona,38,32,4,2,115,40,75,100,2.88,Overall
2012/2013,2,Real Madrid,38,26,7,5,103,42,61,85,2.45,Overall
2012/2013,3,Atletico Madrid,38,23,7,8,65,31,34,76,2.1,Overall
2012/2013,4,Real Sociedad,38,18,12,8,70,49,21,66,1.43,Overall
2012/2013,5,Valencia,38,19,8,11,67,54,13,65,1.24,Overall
2012/2013,6,Malaga,38,16,9,13,53,50,3,57,1.06,Overall
2012/2013,7,Real Betis,38,16,8,14,57,56,1,56,1.02,Overall
2012/2013,8,Rayo Vallecano,38,16,5,17,50,66,-16,53,0.76,Overall
2012/2013,9,Sevilla,38,14,8,16,58,54,4,50,1.07,Overall
2012/2013,10,Getafe,38,13,8,17,43,57,-14,47,0.75,Overall
2012/2013,11,Levante,38,12,10,16,40,57,-17,46,0.7,Overall
2012/2013,12,Athletic Bilbao,38,12,9,17,44,65,-21,45,0.68,Overall
2012/2013,13,Espanyol,38,11,11,16,43,52,-9,44,0.83,Overall
2012/2013,14,Real Valladolid,38,11,10,17,49,58,-9,43,0.84,Overall
2012/2013,15,Granada,38,11,9,18,37,54,-17,42,0.69,Overall
2012/2013,16,Osasuna,38,10,9,19,33,50,-17,39,0.66,Overall
2012/2013,17,Celta Vigo,38,10,7,21,37,52,-15,37,0.71,Overall
2012/2013,18,Mallorca,38,9,9,20,43,72,-29,36,0.6,Overall
2012/2013,19,Deportivo La Coruna,38,8,11,19,47,70,-23,35,0.67,Overall
2012/2013,20,Real Zaragoza,38,9,7,22,37,62,-25,34,0.6,Overall
2013/2014,1,Atletico Madrid,38,28,6,4,77,26,51,90,2.96,Overall
2013/2014,2,Barcelona,38,27,6,5,100,33,67,87,3.03,Overall
2013/2014,3,Real Madrid,38,27,6,5,104,38,66,87,2.74,Overall
2013/2014,4,Athletic Bilbao,38,20,10,8,66,39,27,70,1.69,Overall
2013/2014,5,Sevilla,38,18,9,11,69,52,17,63,1.33,Overall
2013/2014,6,Villarreal,38,17,8,13,60,44,16,59,1.36,Overall
2013/2014,7,Real Sociedad,38,16,11,11,62,55,7,59,1.13,Overall
2013/2014,8,Valencia,38,13,10,15,51,53,-2,49,0.96,Overall
2013/2014,9,Celta Vigo,38,14,7,17,49,54,-5,49,0.91,Overall
2013/2014,10,Levante,38,12,12,14,35,43,-8,48,0.81,Overall
2013/2014,11,Malaga,38,12,9,17,39,46,-7,45,0.85,Overall
2013/2014,12,Rayo Vallecano,38,13,4,21,46,80,-34,43,0.58,Overall
2013/2014,13,Getafe,38,11,9,18,35,54,-19,42,0.65,Overall
2013/2014,14,Espanyol,38,11,9,18,41,51,-10,42,0.8,Overall
2013/2014,15,Granada,38,12,5,21,32,56,-24,41,0.57,Overall
2013/2014,16,Elche,38,9,13,16,30,50,-20,40,0.6,Overall
2013/2014,17,Almeria,38,11,7,20,43,71,-28,40,0.61,Overall
2013/2014,18,Osasuna,38,10,9,19,32,62,-30,39,0.52,Overall
2013/2014,19,Real Valladolid,38,7,15,16,38,60,-22,36,0.63,Overall
2013/2014,20,Real Betis,38,6,7,25,36,78,-42,25,0.46,Overall
2014/2015,1,Barcelona,38,30,4,4,110,21,89,94,5.24,Overall
2014/2015,2,Real Madrid,38,30,2,6,118,38,80,92,3.11,Overall
2014/2015,3,Atletico Madrid,38,23,9,6,67,29,38,78,2.31,Overall
2014/2015,4,Valencia,38,22,11,5,70,32,38,77,2.19,Overall
2014/2015,5,Sevilla,38,22,8,8,70,45,25,74,1.56,Overall
2014/2015,6,Villarreal,38,16,12,10,48,37,11,60,1.3,Overall
2014/2015,7,Athletic Bilbao,38,15,10,13,42,41,1,55,1.02,Overall
2014/2015,8,Celta Vigo,38,13,12,13,47,44,3,51,1.07,Overall
2014/2015,9,Malaga,38,14,9,15,42,47,-5,51,0.89,Overall
2014/2015,10,Espanyol,38,13,10,15,47,51,-4,49,0.92,Overall
2014/2015,11,Rayo Vallecano,38,15,4,19,46,68,-22,49,0.68,Overall
2014/2015,12,Real Sociedad,38,11,13,14,44,51,-7,46,0.86,Overall
2014/2015,13,Elche,38,11,8,19,35,62,-27,41,0.56,Overall
2014/2015,14,Levante,38,9,10,19,34,67,-33,37,0.51,Overall
2014/2015,15,Getafe,38,10,7,21,33,64,-31,37,0.52,Overall
2014/2015,16,Deportivo La Coruna,38,7,14,17,35,60,-25,35,0.58,Overall
2014/2015,17,Granada,38,7,14,17,29,64,-35,35,0.45,Overall
2014/2015,18,Eibar,38,9,8,21,34,55,-21,35,0.62,Overall
2014/2015,19,Almeria,38,8,8,22,35,64,-29,32,0.55,Overall
2014/2015,20,Cordoba,38,3,11,24,22,68,-46,20,0.32,Overall
2015/2016,1,Barcelona,38,29,4,5,112,29,83,91,3.86,Overall
2015/2016,2,Real Madrid,38,28,6,4,110,34,76,90,3.24,Overall
2015/2016,3,Atletico Madrid,38,28,4,6,63,18,45,88,3.5,Overall
2015/2016,4,Villarreal,38,18,10,10,44,35,9,64,1.26,Overall
2015/2016,5,Athletic Bilbao,38,18,8,12,58,45,13,62,1.29,Overall
2015/2016,6,Celta Vigo,38,17,9,12,51,59,-8,60,0.86,Overall
2015/2016,7,Sevilla,38,14,10,14,51,50,1,52,1.02,Overall
2015/2016,8,Malaga,38,12,12,14,38,35,3,48,1.09,Overall
2015/2016,9,Real Sociedad,38,13,9,16,45,48,-3,48,0.94,Overall
2015/2016,10,Real Betis,38,11,12,15,34,52,-18,45,0.65,Overall
2015/2016,11,Las Palmas,38,12,8,18,45,53,-8,44,0.85,Overall
2015/2016,12,Valencia,38,11,11,16,46,48,-2,44,0.96,Overall
2015/2016,13,Espanyol,38,12,7,19,40,74,-34,43,0.54,Overall
2015/2016,14,Eibar,38,11,10,17,49,61,-12,43,0.8,Overall
2015/2016,15,Deportivo La Coruna,38,8,18,12,45,61,-16,42,0.74,Overall
2015/2016,16,Granada,38,10,9,19,46,69,-23,39,0.67,Overall
2015/2016,17,Sporting Gijon,38,10,9,19,40,62,-22,39,0.65,Overall
2015/2016,18,Rayo Vallecano,38,9,11,18,52,73,-21,38,0.71,Overall
2015/2016,19,Getafe,38,9,9,20,37,67,-30,36,0.55,Overall
2015/2016,20,Levante,38,8,8,22,37,70,-33,32,0.53,Overall
2016/2017,1,Real Madrid,38,29,6,3,106,41,65,93,2.59,Overall
2016/2017,2,Barcelona,38,28,6,4,116,37,79,90,3.14,Overall
2016/2017,3,Atletico Madrid,38,23,9,6,70,27,43,78,2.59,Overall
2016/2017,4,Sevilla,38,21,9,8,69,49,20,72,1.41,Overall
2016/2017,5,Villarreal,38,19,10,9,56,33,23,67,1.7,Overall
2016/2017,6,Real Sociedad,38,19,7,12,59,53,6,64,1.11,Overall
2016/2017,7,Athletic Bilbao,38,19,6,13,53,43,10,63,1.23,Overall
2016/2017,8,Espanyol,38,15,11,12,49,50,-1,56,0.98,Overall
2016/2017,9,Deportivo Alaves,38,14,13,11,41,43,-2,55,0.95,Overall
2016/2017,10,Eibar,38,15,9,14,56,51,5,54,1.1,Overall
2016/2017,11,Malaga,38,12,10,16,49,55,-6,46,0.89,Overall
2016/2017,12,Valencia,38,13,7,18,56,65,-9,46,0.86,Overall
2016/2017,13,Celta Vigo,38,13,6,19,53,69,-16,45,0.77,Overall
2016/2017,14,Las Palmas,38,10,9,19,53,74,-21,39,0.72,Overall
2016/2017,15,Real Betis,38,10,9,19,41,64,-23,39,0.64,Overall
2016/2017,16,Deportivo La Coruna,38,8,12,18,43,61,-18,36,0.7,Overall
2016/2017,17,Leganes,38,8,11,19,36,55,-19,35,0.65,Overall
2016/2017,18,Sporting Gijon,38,7,10,21,42,72,-30,31,0.58,Overall
2016/2017,19,Osasuna,38,4,10,24,40,94,-54,22,0.43,Overall
2016/2017,20,Granada,38,4,8,26,30,82,-52,20,0.37,Overall
2017/2018,1,Barcelona,38,28,9,1,99,29,70,93,3.41,Overall
2017/2018,2,Atletico Madrid,38,23,10,5,58,22,36,79,2.64,Overall
2017/2018,3,Real Madrid,38,22,10,6,94,44,50,76,2.14,Overall
2017/2018,4,Valencia,38,22,7,9,65,38,27,73,1.71,Overall
2017/2018,5,Villarreal,38,18,7,13,57,50,7,61,1.14,Overall
2017/2018,6,Real Betis,38,18,6,14,60,61,-1,60,0.98,Overall
2017/2018,7,Sevilla,38,17,7,14,49,58,-9,58,0.84,Overall
2017/2018,8,Getafe,38,15,10,13,42,33,9,55,1.27,Overall
2017/2018,9,Eibar,38,14,9,15,44,50,-6,51,0.88,Overall
2017/2018,10,Girona,38,14,9,15,50,59,-9,51,0.85,Overall
2017/2018,11,Espanyol,38,12,13,13,36,42,-6,49,0.86,Overall
2017/2018,12,Real Sociedad,38,14,7,17,66,59,7,49,1.12,Overall
2017/2018,13,Celta Vigo,38,13,10,15,59,60,-1,49,0.98,Overall
2017/2018,14,Deportivo Alaves,38,15,2,21,40,50,-10,47,0.8,Overall
2017/2018,15,Levante,38,11,13,14,44,58,-14,46,0.76,Overall
2017/2018,16,Athletic Bilbao,38,10,13,15,41,49,-8,43,0.84,Overall
2017/2018,17,Leganes,38,12,7,19,34,51,-17,43,0.67,Overall
2017/2018,18,Deportivo La Coruna,38,6,11,21,38,76,-38,29,0.5,Overall
2017/2018,19,Las Palmas,38,5,7,26,24,74,-50,22,0.32,Overall
2017/2018,20,Malaga,38,5,5,28,24,61,-37,20,0.39,Overall
2018/2019,1,Barcelona,38,26,9,3,90,36,54,87,2.5,Overall
2018/2019,2,Atletico Madrid,38,22,10,6,55,29,26,76,1.9,Overall
2018/2019,3,Real Madrid,38,21,5,12,63,46,17,68,1.37,Overall
2018/2019,4,Valencia,38,15,16,7,51,35,16,61,1.46,Overall
2018/2019,5,Getafe,38,15,14,9,48,35,13,59,1.37,Overall
2018/2019,6,Sevilla,38,17,8,13,62,47,15,59,1.32,Overall
2018/2019,7,Espanyol,38,14,11,13,48,50,-2,53,0.96,Overall
2018/2019,8,Athletic Bilbao,38,13,14,11,41,45,-4,53,0.91,Overall
2018/2019,9,Real Sociedad,38,13,11,14,45,46,-1,50,0.98,Overall
2018/2019,10,Real Betis,38,14,8,16,44,52,-8,50,0.85,Overall
2018/2019,11,Deportivo Alaves,38,13,11,14,39,50,-11,50,0.78,Overall
2018/2019,12,Eibar,38,11,14,13,46,50,-4,47,0.92,Overall
2018/2019,13,Leganes,38,11,12,15,37,43,-6,45,0.86,Overall
2018/2019,14,Villarreal,38,10,14,14,49,52,-3,44,0.94,Overall
2018/2019,15,Levante,38,11,11,16,59,66,-7,44,0.89,Overall
2018/2019,16,Real Valladolid,38,10,11,17,32,51,-19,41,0.63,Overall
2018/2019,17,Celta Vigo,38,10,11,17,53,62,-9,41,0.85,Overall
2018/2019,18,Girona,38,9,10,19,37,53,-16,37,0.7,Overall
2018/2019,19,Huesca,38,7,12,19,43,65,-22,33,0.66,Overall
2018/2019,20,Rayo Vallecano,38,8,8,22,41,70,-29,32,0.59,Overall
2019/2020,1,Real Madrid,38,26,9,3,70,25,45,87,2.8,Overall
2019/2020,2,Barcelona,38,25,7,6,86,38,48,82,2.26,Overall
2019/2020,3,Atletico Madrid,38,18,16,4,51,27,24,70,1.89,Overall
2019/2020,4,Sevilla,38,19,13,6,54,34,20,70,1.59,Overall
2019/2020,5,Villarreal,38,18,6,14,63,49,14,60,1.29,Overall
2019/2020,6,Real Sociedad,38,16,8,14,56,48,8,56,1.17,Overall
2019/2020,7,Granada,38,16,8,14,52,45,7,56,1.16,Overall
2019/2020,8,Getafe,38,14,12,12,43,37,6,54,1.16,Overall
2019/2020,9,Valencia,38,14,11,13,46,53,-7,53,0.87,Overall
2019/2020,10,Osasuna,38,13,13,12,46,54,-8,52,0.85,Overall
2019/2020,11,Athletic Bilbao,38,13,12,13,41,38,3,51,1.08,Overall
2019/2020,12,Levante,38,14,7,17,47,53,-6,49,0.89,Overall
2019/2020,13,Real Valladolid,38,9,15,14,32,43,-11,42,0.74,Overall
2019/2020,14,Eibar,38,11,9,18,39,56,-17,42,0.7,Overall
2019/2020,15,Real Betis,38,10,11,17,48,60,-12,41,0.8,Overall
2019/2020,16,Deportivo Alaves,38,10,9,19,34,59,-25,39,0.58,Overall
2019/2020,17,Celta Vigo,38,7,16,15,37,49,-12,37,0.76,Overall
2019/2020,18,Leganes,38,8,12,18,30,51,-21,36,0.59,Overall
2019/2020,19,Mallorca,38,9,6,23,40,65,-25,33,0.62,Overall
2019/2020,20,Espanyol,38,5,10,23,27,58,-31,25,0.47,Overall
2020/2021,1,Atletico Madrid,38,26,8,4,67,25,42,86,2.68,Overall
2020/2021,2,Real Madrid,38,25,9,4,67,28,39,84,2.39,Overall
2020/2021,3,Barcelona,38,24,7,7,85,38,47,79,2.24,Overall
2020/2021,4,Sevilla,38,24,5,9,53,33,20,77,1.61,Overall
2020/2021,5,Real Sociedad,38,17,11,10,59,38,21,62,1.55,Overall
2020/2021,6,Real Betis,38,17,10,11,50,50,0,61,1,Overall
2020/2021,7,Villarreal,38,15,13,10,60,44,16,58,1.36,Overall
2020/2021,8,Celta Vigo,38,14,11,13,55,57,-2,53,0.96,Overall
2020/2021,9,Granada,38,13,7,18,47,65,-18,46,0.72,Overall
2020/2021,10,Athletic Bilbao,38,11,13,14,46,42,4,46,1.1,Overall
2020/2021,11,Osasuna,38,11,11,16,37,48,-11,44,0.77,Overall
2020/2021,12,Cadiz,38,11,11,16,36,58,-22,44,0.62,Overall
2020/2021,13,Valencia,38,10,13,15,50,53,-3,43,0.94,Overall
2020/2021,14,Levante,38,9,14,15,46,57,-11,41,0.81,Overall
2020/2021,15,Getafe,38,9,11,18,28,43,-15,38,0.65,Overall
2020/2021,16,Deportivo Alaves,38,9,11,18,36,57,-21,38,0.63,Overall
2020/2021,17,Elche,38,8,12,18,34,55,-21,36,0.62,Overall
2020/2021,18,Huesca,38,7,13,18,34,53,-19,34,0.64,Overall
2020/2021,19,Real Valladolid,38,5,16,17,34,57,-23,31,0.6,Overall
2020/2021,20,Eibar,38,6,12,20,29,52,-23,30,0.56,Overall
2021/2022,1,Real Madrid,38,26,8,4,80,31,49,86,2.58,Overall
2021/2022,2,Barcelona,38,21,10,7,68,38,30,73,1.79,Overall
2021/2022,3,Atletico Madrid,38,21,8,9,65,43,22,71,1.51,Overall
2021/2022,4,Sevilla,38,18,16,4,53,30,23,70,1.77,Overall
2021/2022,5,Real Betis,38,19,8,11,62,40,22,65,1.55,Overall
2021/2022,6,Real Sociedad,38,17,11,10,40,37,3,62,1.08,Overall
2021/2022,7,Villarreal,38,16,11,11,63,37,26,59,1.7,Overall
2021/2022,8,Athletic Bilbao,38,14,13,11,43,36,7,55,1.19,Overall
2021/2022,9,Valencia,38,11,15,12,48,53,-5,48,0.91,Overall
2021/2022,10,Osasuna,38,12,11,15,37,51,-14,47,0.73,Overall
2021/2022,11,Celta Vigo,38,12,10,16,43,43,0,46,1,Overall
2021/2022,12,Rayo Vallecano,38,11,9,18,39,50,-11,42,0.78,Overall
2021/2022,13,Elche,38,11,9,18,40,52,-12,42,0.77,Overall
2021/2022,14,Espanyol,38,10,12,16,40,53,-13,42,0.75,Overall
2021/2022,15,Getafe,38,8,15,15,33,41,-8,39,0.8,Overall
2021/2022,16,Mallorca,38,10,9,19,36,63,-27,39,0.57,Overall
2021/2022,17,Cadiz,38,8,15,15,35,51,-16,39,0.69,Overall
2021/2022,18,Granada,38,8,14,16,44,61,-17,38,0.72,Overall
2021/2022,19,Levante,38,8,11,19,51,76,-25,35,0.67,Overall
2021/2022,20,Deportivo Alaves,38,8,7,23,31,65,-34,31,0.48,Overall
2022/2023,1,Barcelona,38,28,4,6,70,20,50,88,3.5,Overall
2022/2023,2,Real Madrid,38,24,6,8,75,36,39,78,2.08,Overall
2022/2023,3,Atletico Madrid,38,23,8,7,70,33,37,77,2.12,Overall
2022/2023,4,Real Sociedad,38,21,8,9,51,35,16,71,1.46,Overall
2022/2023,5,Villarreal,38,19,7,12,59,40,19,64,1.48,Overall
2022/2023,6,Real Betis,38,17,9,12,46,41,5,60,1.12,Overall
2022/2023,7,Osasuna,38,15,8,15,37,42,-5,53,0.88,Overall
2022/2023,8,Athletic Bilbao,38,14,9,15,47,43,4,51,1.09,Overall
2022/2023,9,Mallorca,38,14,8,16,37,43,-6,50,0.86,Overall
2022/2023,10,Girona,38,13,10,15,58,55,3,49,1.05,Overall
2022/2023,11,Rayo Vallecano,38,13,10,15,45,53,-8,49,0.85,Overall
2022/2023,12,Sevilla,38,13,10,15,47,54,-7,49,0.87,Overall
2022/2023,13,Celta Vigo,38,11,10,17,43,53,-10,43,0.81,Overall
2022/2023,14,Cadiz,38,10,12,16,30,53,-23,42,0.57,Overall
2022/2023,15,Getafe,38,10,12,16,34,45,-11,42,0.76,Overall
2022/2023,16,Valencia,38,11,9,18,42,45,-3,42,0.93,Overall
2022/2023,17,Almeria,38,11,8,19,49,65,-16,41,0.75,Overall
2022/2023,18,Real Valladolid,38,11,7,20,33,63,-30,40,0.52,Overall
2022/2023,19,Espanyol,38,8,13,17,52,69,-17,37,0.75,Overall
2022/2023,20,Elche,38,5,10,23,30,67,-37,25,0.45,Overall
2010/2011,1,Barcelona,19,16,2,1,46,10,36,50,4.6,Home
2010/2011,2,Real Madrid,19,16,1,2,61,12,49,49,5.08,Home
2010/2011,3,Villarreal,19,13,3,3,33,14,19,42,2.36,Home
2010/2011,4,Athletic Bilbao,19,12,1,6,32,20,12,37,1.6,Home
2010/2011,5,Osasuna,19,10,6,3,28,14,14,36,2,Home
2010/2011,6,Valencia,19,10,5,4,34,21,13,35,1.62,Home
2010/2011,7,Espanyol,19,11,2,6,33,22,11,35,1.5,Home
2010/2011,8,Real Sociedad,19,11,2,6,27,21,6,35,1.29,Home
2010/2011,9,Sevilla,19,10,4,5,35,27,8,34,1.3,Home
2010/2011,10,Atletico Madrid,19,10,3,6,35,20,15,33,1.75,Home
2010/2011,11,Sporting Gijon,19,9,6,4,23,16,7,33,1.44,Home
2010/2011,12,Mallorca,19,9,4,6,25,19,6,31,1.32,Home
2010/2011,13,Levante,19,9,4,6,25,20,5,31,1.25,Home
2010/2011,14,Getafe,19,9,3,7,33,26,7,30,1.27,Home
2010/2011,15,Racing Santander,19,8,6,5,25,21,4,30,1.19,Home
2010/2011,16,Deportivo La Coruna,19,8,6,5,22,19,3,30,1.16,Home
2010/2011,17,Real Zaragoza,19,9,3,7,26,27,-1,30,0.96,Home
2010/2011,18,Hercules,19,7,5,7,27,27,0,26,1,Home
2010/2011,19,Malaga,19,7,3,9,29,29,0,24,1,Home
2010/2011,20,Almeria,19,3,10,6,23,35,-12,19,0.66,Home
2011/2012,1,Barcelona,19,17,1,1,73,11,62,52,6.64,Home
2011/2012,2,Real Madrid,19,16,2,1,70,19,51,50,3.68,Home
2011/2012,3,Malaga,19,13,3,3,35,21,14,42,1.67,Home
2011/2012,4,Atletico Madrid,19,11,5,3,36,17,19,38,2.12,Home
2011/2012,5,Valencia,19,11,4,4,40,20,20,37,2,Home
2011/2012,6,Levante,19,11,3,5,33,19,14,36,1.74,Home
2011/2012,7,Osasuna,19,10,6,3,26,19,7,36,1.37,Home
2011/2012,8,Real Sociedad,19,9,6,4,29,17,12,33,1.71,Home
2011/2012,9,Mallorca,19,9,5,5,21,15,6,32,1.4,Home
2011/2012,10,Athletic Bilbao,19,8,7,4,29,21,8,31,1.38,Home
2011/2012,11,Sevilla,19,9,4,6,32,25,7,31,1.28,Home
2011/2012,12,Espanyol,19,9,4,6,31,24,7,31,1.29,Home
2011/2012,13,Getafe,19,8,6,5,24,19,5,30,1.26,Home
2011/2012,14,Granada,19,8,5,6,22,20,2,29,1.1,Home
2011/2012,15,Villarreal,19,6,10,3,26,20,6,28,1.3,Home
2011/2012,16,Real Betis,19,7,7,5,28,25,3,28,1.12,Home
2011/2012,17,Real Zaragoza,19,8,4,7,19,24,-5,28,0.79,Home
2011/2012,18,Rayo Vallecano,19,8,1,10,29,26,3,25,1.12,Home
2011/2012,19,Sporting Gijon,19,7,4,8,24,26,-2,25,0.92,Home
2011/2012,20,Racing Santander,19,3,7,9,11,24,-13,16,0.46,Home
2012/2013,1,Barcelona,19,18,1,0,63,15,48,55,4.2,Home
2012/2013,2,Real Madrid,19,17,2,0,67,21,46,53,3.19,Home
2012/2013,3,Atletico Madrid,19,14,2,3,42,12,30,44,3.5,Home
2012/2013,4,Valencia,19,13,3,3,42,25,17,42,1.68,Home
2012/2013,5,Sevilla,19,13,1,5,41,21,20,40,1.95,Home
2012/2013,6,Real Sociedad,19,10,7,2,41,22,19,37,1.86,Home
2012/2013,7,Malaga,19,10,5,4,33,18,15,35,1.83,Home
2012/2013,8,Real Betis,19,9,5,5,28,18,10,32,1.56,Home
2012/2013,9,Getafe,19,9,4,6,25,23,2,31,1.09,Home
2012/2013,10,Rayo Vallecano,19,9,3,7,27,29,-2,30,0.93,Home
2012/2013,11,Levante,19,8,4,7,25,26,-1,28,0.96,Home
2012/2013,12,Real Valladolid,19,7,6,6,29,26,3,27,1.12,Home
2012/2013,13,Celta Vigo,19,7,6,6,23,21,2,27,1.1,Home
2012/2013,14,Athletic Bilbao,19,8,3,8,22,27,-5,27,0.81,Home
2012/2013,15,Osasuna,19,7,5,7,15,14,1,26,1.07,Home
2012/2013,16,Mallorca,19,7,5,7,26,30,-4,26,0.87,Home
2012/2013,17,Espanyol,19,6,7,6,25,28,-3,25,0.89,Home
2012/2013,18,Granada,19,6,6,7,21,21,0,24,1,Home
2012/2013,19,Deportivo La Coruna,19,6,5,8,23,26,-3,23,0.88,Home
2012/2013,20,Real Zaragoza,19,5,4,10,23,27,-4,19,0.85,Home
2013/2014,1,Barcelona,19,16,2,1,64,15,49,50,4.27,Home
2013/2014,2,Real Madrid,19,16,1,2,63,17,46,49,3.71,Home
2013/2014,3,Atletico Madrid,19,15,4,0,49,10,39,49,4.9,Home
2013/2014,4,Athletic Bilbao,19,13,4,2,42,18,24,43,2.33,Home
2013/2014,5,Sevilla,19,11,4,4,40,21,19,37,1.9,Home
2013/2014,6,Real Sociedad,19,11,4,4,38,19,19,37,2,Home
2013/2014,7,Villarreal,19,9,6,4,36,21,15,33,1.71,Home
2013/2014,8,Valencia,19,10,3,6,35,24,11,33,1.46,Home
2013/2014,9,Real Valladolid,19,6,9,4,20,17,3,27,1.18,Home
2013/2014,10,Levante,19,7,6,6,19,16,3,27,1.19,Home
2013/2014,11,Malaga,19,8,2,9,24,21,3,26,1.14,Home
2013/2014,12,Espanyol,19,7,5,7,23,22,1,26,1.05,Home
2013/2014,13,Elche,19,6,8,5,13,12,1,26,1.08,Home
2013/2014,14,Celta Vigo,19,6,7,6,23,23,0,25,1,Home
2013/2014,15,Getafe,19,6,6,7,20,24,-4,24,0.83,Home
2013/2014,16,Almeria,19,6,6,7,26,31,-5,24,0.84,Home
2013/2014,17,Rayo Vallecano,19,8,0,11,28,36,-8,24,0.78,Home
2013/2014,18,Osasuna,19,6,5,8,20,25,-5,23,0.8,Home
2013/2014,19,Granada,19,7,1,11,18,22,-4,22,0.82,Home
2013/2014,20,Real Betis,19,5,3,11,19,31,-12,18,0.61,Home
2014/2015,1,Real Madrid,19,16,2,1,65,15,50,50,4.33,Home
2014/2015,2,Barcelona,19,16,1,2,64,11,53,49,5.82,Home
2014/2015,3,Valencia,19,15,3,1,42,10,32,48,4.2,Home
2014/2015,4,Atletico Madrid,19,14,3,2,42,11,31,45,3.82,Home
2014/2015,5,Sevilla,19,13,5,1,38,13,25,44,2.92,Home
2014/2015,6,Villarreal,19,12,1,6,29,17,12,37,1.71,Home
2014/2015,7,Real Sociedad,19,9,5,5,29,21,8,32,1.38,Home
2014/2015,8,Malaga,19,8,7,4,26,19,7,31,1.37,Home
2014/2015,9,Athletic Bilbao,19,8,6,5,28,20,8,30,1.4,Home
2014/2015,10,Espanyol,19,8,6,5,23,19,4,30,1.21,Home
2014/2015,11,Celta Vigo,19,8,5,6,30,22,8,29,1.36,Home
2014/2015,12,Rayo Vallecano,19,8,2,9,26,26,0,26,1,Home
2014/2015,13,Levante,19,6,6,7,20,30,-10,24,0.67,Home
2014/2015,14,Getafe,19,6,5,8,16,22,-6,23,0.73,Home
2014/2015,15,Granada,19,4,10,5,13,17,-4,22,0.76,Home
2014/2015,16,Deportivo La Coruna,19,5,6,8,22,30,-8,21,0.73,Home
2014/2015,17,Elche,19,6,3,10,19,31,-12,21,0.61,Home
2014/2015,18,Eibar,19,5,3,11,20,29,-9,18,0.69,Home
2014/2015,19,Almeria,19,3,7,9,20,28,-8,16,0.71,Home
2014/2015,20,Cordoba,19,1,6,12,12,33,-21,9,0.36,Home
2015/2016,1,Real Madrid,19,16,1,2,70,16,54,49,4.38,Home
2015/2016,2,Barcelona,19,16,1,2,67,14,53,49,4.79,Home
2015/2016,3,Atletico Madrid,19,15,3,1,33,7,26,48,4.71,Home
2015/2016,4,Sevilla,19,14,1,4,38,21,17,43,1.81,Home
2015/2016,5,Villarreal,19,12,4,3,26,12,14,40,2.17,Home
2015/2016,6,Athletic Bilbao,19,11,4,4,35,17,18,37,2.06,Home
2015/2016,7,Celta Vigo,19,9,6,4,29,25,4,33,1.16,Home
2015/2016,8,Espanyol,19,9,5,5,22,28,-6,32,0.79,Home
2015/2016,9,Malaga,19,8,6,5,26,15,11,30,1.73,Home
2015/2016,10,Las Palmas,19,8,5,6,25,17,8,29,1.47,Home
2015/2016,11,Eibar,19,8,5,6,26,22,4,29,1.18,Home
2015/2016,12,Rayo Vallecano,19,8,4,7,29,29,0,28,1,Home
2015/2016,13,Real Sociedad,19,7,5,7,22,20,2,26,1.1,Home
2015/2016,14,Levante,19,7,5,7,23,26,-3,26,0.88,Home
2015/2016,15,Getafe,19,6,7,6,23,20,3,25,1.15,Home
2015/2016,16,Valencia,19,6,7,6,25,23,2,25,1.09,Home
2015/2016,17,Sporting Gijon,19,7,4,8,28,28,0,25,1,Home
2015/2016,18,Real Betis,19,6,6,7,17,23,-6,24,0.74,Home
2015/2016,19,Granada,19,6,5,8,26,31,-5,23,0.84,Home
2015/2016,20,Deportivo La Coruna,19,4,8,7,25,34,-9,20,0.74,Home
2016/2017,1,Barcelona,19,15,3,1,64,17,47,48,3.76,Home
2016/2017,2,Real Madrid,19,14,4,1,48,20,28,46,2.4,Home
2016/2017,3,Sevilla,19,14,4,1,39,16,23,46,2.44,Home
2016/2017,4,Atletico Madrid,19,14,2,3,40,14,26,44,2.86,Home
2016/2017,5,Athletic Bilbao,19,13,4,2,36,18,18,43,2,Home
2016/2017,6,Villarreal,19,11,4,4,35,18,17,37,1.94,Home
2016/2017,7,Real Sociedad,19,10,5,4,30,24,6,35,1.25,Home
2016/2017,8,Las Palmas,19,9,6,4,33,25,8,33,1.32,Home
2016/2017,9,Eibar,19,10,3,6,29,21,8,33,1.38,Home
2016/2017,10,Malaga,19,10,2,7,32,25,7,32,1.28,Home
2016/2017,11,Espanyol,19,8,5,6,28,24,4,29,1.17,Home
2016/2017,12,Celta Vigo,19,9,2,8,30,32,-2,29,0.94,Home
2016/2017,13,Deportivo Alaves,19,7,8,4,19,21,-2,29,0.9,Home
2016/2017,14,Valencia,19,8,4,7,32,32,0,28,1,Home
2016/2017,15,Deportivo La Coruna,19,7,5,7,27,23,4,26,1.17,Home
2016/2017,16,Real Betis,19,6,7,6,22,24,-2,25,0.92,Home
2016/2017,17,Leganes,19,5,6,8,22,23,-1,21,0.96,Home
2016/2017,18,Sporting Gijon,19,5,4,10,26,38,-12,19,0.68,Home
2016/2017,19,Granada,19,4,4,11,17,32,-15,16,0.53,Home
2016/2017,20,Osasuna,19,2,7,10,23,39,-16,13,0.59,Home
2017/2018,1,Barcelona,19,16,3,0,53,11,42,51,4.82,Home
2017/2018,2,Atletico Madrid,19,12,6,1,30,8,22,42,3.75,Home
2017/2018,3,Valencia,19,13,3,3,36,16,20,42,2.25,Home
2017/2018,4,Real Madrid,19,12,4,3,54,20,34,40,2.7,Home
2017/2018,5,Sevilla,19,11,5,3,31,22,9,38,1.41,Home
2017/2018,6,Villarreal,19,11,3,5,35,22,13,36,1.59,Home
2017/2018,7,Real Betis,19,10,4,5,35,31,4,34,1.13,Home
2017/2018,8,Real Sociedad,19,10,3,6,47,29,18,33,1.62,Home
2017/2018,9,Celta Vigo,19,8,8,3,34,23,11,32,1.48,Home
2017/2018,10,Getafe,19,9,4,6,26,13,13,31,2,Home
2017/2018,11,Leganes,19,9,4,6,19,19,0,31,1,Home
2017/2018,12,Espanyol,19,8,6,5,20,16,4,30,1.25,Home
2017/2018,13,Eibar,19,8,4,7,26,19,7,28,1.37,Home
2017/2018,14,Deportivo Alaves,19,9,1,9,21,23,-2,28,0.91,Home
2017/2018,15,Girona,19,8,3,8,26,22,4,27,1.18,Home
2017/2018,16,Levante,19,7,6,6,25,28,-3,27,0.89,Home
2017/2018,17,Athletic Bilbao,19,6,8,5,19,16,3,26,1.19,Home
2017/2018,18,Deportivo La Coruna,19,4,6,9,22,33,-11,18,0.67,Home
2017/2018,19,Malaga,19,4,3,12,14,27,-13,15,0.52,Home
2017/2018,20,Las Palmas,19,4,2,13,15,38,-23,14,0.39,Home
2018/2019,1,Barcelona,19,15,3,1,51,17,34,48,3,Home
2018/2019,2,Atletico Madrid,19,15,3,1,32,10,22,48,3.2,Home
2018/2019,3,Real Madrid,19,13,1,5,32,15,17,40,2.13,Home
2018/2019,4,Sevilla,19,12,3,4,39,20,19,39,1.95,Home
2018/2019,5,Getafe,19,11,3,5,28,13,15,36,2.15,Home
2018/2019,6,Espanyol,19,11,3,5,28,22,6,36,1.27,Home
2018/2019,7,Athletic Bilbao,19,9,8,2,26,19,7,35,1.37,Home
2018/2019,8,Eibar,19,9,6,4,31,21,10,33,1.48,Home
2018/2019,9,Valencia,19,7,10,2,24,12,12,31,2,Home
2018/2019,10,Celta Vigo,19,8,5,6,31,25,6,29,1.24,Home
2018/2019,11,Leganes,19,7,8,4,19,16,3,29,1.19,Home
2018/2019,12,Deportivo Alaves,19,7,8,4,19,19,0,29,1,Home
2018/2019,13,Real Betis,19,8,5,6,25,26,-1,29,0.96,Home
2018/2019,14,Real Sociedad,19,7,6,6,23,20,3,27,1.15,Home
2018/2019,15,Levante,19,6,7,6,34,34,0,25,1,Home
2018/2019,16,Villarreal,19,5,8,6,28,26,2,23,1.08,Home
2018/2019,17,Huesca,19,5,6,8,24,30,-6,21,0.8,Home
2018/2019,18,Rayo Vallecano,19,5,6,8,25,32,-7,21,0.78,Home
2018/2019,19,Real Valladolid,19,5,5,9,16,26,-10,20,0.62,Home
2018/2019,20,Girona,19,3,6,10,17,28,-11,15,0.61,Home
2019/2020,1,Barcelona,19,16,2,1,52,16,36,50,3.25,Home
2019/2020,2,Real Madrid,19,15,4,0,40,11,29,49,3.64,Home
2019/2020,3,Atletico Madrid,19,12,6,1,28,11,17,42,2.55,Home
2019/2020,4,Valencia,19,11,7,1,29,16,13,40,1.81,Home
2019/2020,5,Sevilla,19,10,7,2,26,14,12,37,1.86,Home
2019/2020,6,Granada,19,10,3,6,26,16,10,33,1.63,Home
2019/2020,7,Villarreal,19,9,5,5,37,25,12,32,1.48,Home
2019/2020,8,Levante,19,9,5,5,27,19,8,32,1.42,Home
2019/2020,9,Real Sociedad,19,9,4,6,33,20,13,31,1.65,Home
2019/2020,10,Real Betis,19,9,4,6,34,27,7,31,1.26,Home
2019/2020,11,Athletic Bilbao,19,9,4,6,21,14,7,31,1.5,Home
2019/2020,12,Getafe,19,8,6,5,25,20,5,30,1.25,Home
2019/2020,13,Osasuna,19,7,7,5,26,29,-3,28,0.9,Home
2019/2020,14,Mallorca,19,8,3,8,25,22,3,27,1.14,Home
2019/2020,15,Deportivo Alaves,19,7,6,6,20,19,1,27,1.05,Home
2019/2020,16,Eibar,19,8,3,8,25,25,0,27,1,Home
2019/2020,17,Real Valladolid,19,5,10,4,18,15,3,25,1.2,Home
2019/2020,18,Celta Vigo,19,5,8,6,22,20,2,23,1.1,Home
2019/2020,19,Leganes,19,5,5,9,17,26,-9,20,0.65,Home
2019/2020,20,Espanyol,19,2,6,11,15,31,-16,12,0.48,Home
2020/2021,1,Atletico Madrid,19,15,3,1,41,11,30,48,3.73,Home
2020/2021,2,Sevilla,19,14,1,4,27,11,16,43,2.45,Home
2020/2021,3,Real Madrid,19,13,3,3,33,13,20,42,2.54,Home
2020/2021,4,Barcelona,19,11,5,3,44,20,24,38,2.2,Home
2020/2021,5,Real Betis,19,10,5,4,27,21,6,35,1.29,Home
2020/2021,6,Real Sociedad,19,9,6,4,34,21,13,33,1.62,Home
2020/2021,7,Valencia,19,8,7,4,34,23,11,31,1.48,Home
2020/2021,8,Granada,19,9,4,6,25,25,0,31,1,Home
2020/2021,9,Athletic Bilbao,19,8,6,5,29,19,10,30,1.53,Home
2020/2021,10,Villarreal,19,8,6,5,29,23,6,30,1.26,Home
2020/2021,11,Celta Vigo,19,9,3,7,30,30,0,30,1,Home
2020/2021,12,Osasuna,19,7,5,7,21,23,-2,26,0.91,Home
2020/2021,13,Getafe,19,6,6,7,15,13,2,24,1.15,Home
2020/2021,14,Levante,19,5,9,5,27,30,-3,24,0.9,Home
2020/2021,15,Deportivo Alaves,19,6,6,7,21,25,-4,24,0.84,Home
2020/2021,16,Elche,19,5,8,6,18,23,-5,23,0.78,Home
2020/2021,17,Huesca,19,5,7,7,17,21,-4,22,0.81,Home
2020/2021,18,Cadiz,19,5,5,9,17,30,-13,20,0.57,Home
2020/2021,19,Real Valladolid,19,3,7,9,19,30,-11,16,0.63,Home
2020/2021,20,Eibar,19,2,7,10,12,21,-9,13,0.57,Home
2021/2022,1,Real Madrid,19,13,5,1,44,13,31,44,3.38,Home
2021/2022,2,Sevilla,19,12,6,1,36,17,19,42,2.12,Home
2021/2022,3,Atletico Madrid,19,12,5,2,33,16,17,41,2.06,Home
2021/2022,4,Barcelona,19,12,2,5,37,19,18,38,1.95,Home
2021/2022,5,Villarreal,19,10,6,3,40,18,22,36,2.22,Home
2021/2022,6,Real Sociedad,19,10,5,4,16,9,7,35,1.78,Home
2021/2022,7,Athletic Bilbao,19,10,4,5,29,18,11,34,1.61,Home
2021/2022,8,Espanyol,19,9,6,4,25,19,6,33,1.32,Home
2021/2022,9,Real Betis,19,10,2,7,34,22,12,32,1.55,Home
2021/2022,10,Rayo Vallecano,19,8,5,6,26,22,4,29,1.18,Home
2021/2022,11,Getafe,19,7,7,5,21,15,6,28,1.4,Home
2021/2022,12,Elche,19,7,6,6,24,21,3,27,1.14,Home
2021/2022,13,Mallorca,19,7,6,6,20,25,-5,27,0.8,Home
2021/2022,14,Valencia,19,6,8,5,26,24,2,26,1.08,Home
2021/2022,15,Celta Vigo,19,7,4,8,26,23,3,25,1.13,Home
2021/2022,16,Deportivo Alaves,19,7,4,8,17,21,-4,25,0.81,Home
2021/2022,17,Levante,19,5,7,7,28,30,-2,22,0.93,Home
2021/2022,18,Granada,19,5,7,7,22,29,-7,22,0.76,Home
2021/2022,19,Osasuna,19,5,7,7,17,26,-9,22,0.65,Home
2021/2022,20,Cadiz,19,3,9,7,19,24,-5,18,0.79,Home
2022/2023,1,Barcelona,19,15,3,1,37,4,33,48,9.25,Home
2022/2023,2,Real Madrid,19,13,5,1,44,16,28,44,2.75,Home
2022/2023,3,Atletico Madrid,19,13,3,3,41,15,26,42,2.73,Home
2022/2023,4,Villarreal,19,12,3,4,36,18,18,39,2,Home
2022/2023,5,Real Sociedad,19,11,5,3,26,16,10,38,1.63,Home
2022/2023,6,Mallorca,19,10,5,4,22,12,10,35,1.83,Home
2022/2023,7,Osasuna,19,11,1,7,24,21,3,34,1.14,Home
2022/2023,8,Girona,19,10,3,6,35,26,9,33,1.35,Home
2022/2023,9,Almeria,19,10,3,6,29,22,7,33,1.32,Home
2022/2023,10,Real Betis,19,9,5,5,26,18,8,32,1.44,Home
2022/2023,11,Rayo Vallecano,19,9,5,5,28,22,6,32,1.27,Home
2022/2023,12,Valencia,19,8,5,6,27,19,8,29,1.42,Home
2022/2023,13,Real Valladolid,19,8,4,7,21,25,-4,28,0.84,Home
2022/2023,14,Athletic Bilbao,19,8,3,8,22,15,7,27,1.47,Home
2022/2023,15,Celta Vigo,19,7,6,6,26,21,5,27,1.24,Home
2022/2023,16,Getafe,19,7,6,6,21,20,1,27,1.05,Home
2022/2023,17,Cadiz,19,7,6,6,19,23,-4,27,0.83,Home
2022/2023,18,Sevilla,19,7,5,7,24,25,-1,26,0.96,Home
2022/2023,19,Espanyol,19,4,7,8,27,35,-8,19,0.77,Home
2022/2023,20,Elche,19,3,6,10,18,29,-11,15,0.62,Home
2010/2011,1,Barcelona,19,14,4,1,49,11,38,46,4.45,Away
2010/2011,2,Real Madrid,19,13,4,2,41,21,20,43,1.95,Away
2010/2011,3,Valencia,19,11,3,5,30,23,7,36,1.3,Away
2010/2011,4,Atletico Madrid,19,7,4,8,27,33,-6,25,0.82,Away
2010/2011,5,Sevilla,19,7,3,9,27,34,-7,24,0.79,Away
2010/2011,6,Malaga,19,6,4,9,25,39,-14,22,0.64,Away
2010/2011,7,Athletic Bilbao,19,6,3,10,27,35,-8,21,0.77,Away
2010/2011,8,Villarreal,19,5,5,9,21,30,-9,20,0.7,Away
2010/2011,9,Racing Santander,19,4,4,11,16,35,-19,16,0.46,Away
2010/2011,10,Real Zaragoza,19,3,6,10,14,26,-12,15,0.54,Away
2010/2011,11,Sporting Gijon,19,2,8,9,12,26,-14,14,0.46,Away
2010/2011,12,Levante,19,3,5,11,16,32,-16,14,0.5,Away
2010/2011,13,Getafe,19,3,5,11,16,34,-18,14,0.47,Away
2010/2011,14,Espanyol,19,4,2,13,13,33,-20,14,0.39,Away
2010/2011,15,Deportivo La Coruna,19,2,7,10,9,28,-19,13,0.32,Away
2010/2011,16,Mallorca,19,3,4,12,16,37,-21,13,0.43,Away
2010/2011,17,Osasuna,19,3,2,14,17,32,-15,11,0.53,Away
2010/2011,18,Almeria,19,3,2,14,13,35,-22,11,0.37,Away
2010/2011,19,Real Sociedad,19,3,1,15,22,45,-23,10,0.49,Away
2010/2011,20,Hercules,19,2,3,14,9,33,-24,9,0.27,Away
2011/2012,1,Real Madrid,19,16,2,1,51,13,38,50,3.92,Away
2011/2012,2,Barcelona,19,11,6,2,41,18,23,39,2.28,Away
2011/2012,3,Valencia,19,6,6,7,19,24,-5,24,0.79,Away
2011/2012,4,Mallorca,19,5,5,9,21,31,-10,20,0.68,Away
2011/2012,5,Sevilla,19,4,7,8,16,22,-6,19,0.73,Away
2011/2012,6,Levante,19,5,4,10,21,31,-10,19,0.68,Away
2011/2012,7,Real Betis,19,6,1,12,19,31,-12,19,0.61,Away
2011/2012,8,Athletic Bilbao,19,4,6,9,20,31,-11,18,0.65,Away
2011/2012,9,Atletico Madrid,19,4,6,9,17,29,-12,18,0.59,Away
2011/2012,10,Rayo Vallecano,19,5,3,11,24,47,-23,18,0.51,Away
2011/2012,11,Osasuna,19,3,9,7,18,42,-24,18,0.43,Away
2011/2012,12,Getafe,19,4,5,10,16,32,-16,17,0.5,Away
2011/2012,13,Malaga,19,4,4,11,19,32,-13,16,0.59,Away
2011/2012,14,Espanyol,19,3,6,10,15,32,-17,15,0.47,Away
2011/2012,15,Real Zaragoza,19,4,3,12,17,37,-20,15,0.46,Away
2011/2012,16,Real Sociedad,19,3,5,11,17,35,-18,14,0.49,Away
2011/2012,17,Villarreal,19,3,4,12,13,33,-20,13,0.39,Away
2011/2012,18,Granada,19,4,1,14,13,36,-23,13,0.36,Away
2011/2012,19,Sporting Gijon,19,3,3,13,18,43,-25,12,0.42,Away
2011/2012,20,Racing Santander,19,1,8,10,17,39,-22,11,0.44,Away
2012/2013,1,Barcelona,19,14,3,2,52,25,27,45,2.08,Away
2012/2013,2,Real Madrid,19,9,5,5,36,21,15,32,1.71,Away
2012/2013,3,Atletico Madrid,19,9,5,5,23,19,4,32,1.21,Away
2012/2013,4,Real Sociedad,19,8,5,6,29,27,2,29,1.07,Away
2012/2013,5,Real Betis,19,7,3,9,29,38,-9,24,0.76,Away
2012/2013,6,Valencia,19,6,5,8,25,29,-4,23,0.86,Away
2012/2013,7,Rayo Vallecano,19,7,2,10,23,37,-14,23,0.62,Away
2012/2013,8,Malaga,19,6,4,9,20,32,-12,22,0.63,Away
2012/2013,9,Espanyol,19,5,4,10,18,24,-6,19,0.75,Away
2012/2013,10,Athletic Bilbao,19,4,6,9,22,38,-16,18,0.58,Away
2012/2013,11,Levante,19,4,6,9,15,31,-16,18,0.48,Away
2012/2013,12,Granada,19,5,3,11,16,33,-17,18,0.48,Away
2012/2013,13,Real Valladolid,19,4,4,11,20,32,-12,16,0.63,Away
2012/2013,14,Getafe,19,4,4,11,18,34,-16,16,0.53,Away
2012/2013,15,Real Zaragoza,19,4,3,12,14,35,-21,15,0.4,Away
2012/2013,16,Osasuna,19,3,4,12,18,36,-18,13,0.5,Away
2012/2013,17,Deportivo La Coruna,19,2,6,11,24,44,-20,12,0.55,Away
2012/2013,18,Sevilla,19,1,7,11,17,33,-16,10,0.52,Away
2012/2013,19,Celta Vigo,19,3,1,15,14,31,-17,10,0.45,Away
2012/2013,20,Mallorca,19,2,4,13,17,42,-25,10,0.4,Away
2013/2014,1,Atletico Madrid,19,13,2,4,28,16,12,41,1.75,Away
2013/2014,2,Real Madrid,19,11,5,3,41,21,20,38,1.95,Away
2013/2014,3,Barcelona,19,11,4,4,36,18,18,37,2,Away
2013/2014,4,Athletic Bilbao,19,7,6,6,24,21,3,27,1.14,Away
2013/2014,5,Villarreal,19,8,2,9,24,23,1,26,1.04,Away
2013/2014,6,Sevilla,19,7,5,7,29,31,-2,26,0.94,Away
2013/2014,7,Celta Vigo,19,8,0,11,26,31,-5,24,0.84,Away
2013/2014,8,Real Sociedad,19,5,7,7,24,36,-12,22,0.67,Away
2013/2014,9,Levante,19,5,6,8,16,27,-11,21,0.59,Away
2013/2014,10,Malaga,19,4,7,8,15,25,-10,19,0.6,Away
2013/2014,11,Granada,19,5,4,10,14,34,-20,19,0.41,Away
2013/2014,12,Rayo Vallecano,19,5,4,10,18,44,-26,19,0.41,Away
2013/2014,13,Getafe,19,5,3,11,15,30,-15,18,0.5,Away
2013/2014,14,Espanyol,19,4,4,11,18,29,-11,16,0.62,Away
2013/2014,15,Valencia,19,3,7,9,16,29,-13,16,0.55,Away
2013/2014,16,Almeria,19,5,1,13,17,40,-23,16,0.43,Away
2013/2014,17,Osasuna,19,4,4,11,12,37,-25,16,0.32,Away
2013/2014,18,Elche,19,3,5,11,17,38,-21,14,0.45,Away
2013/2014,19,Real Valladolid,19,1,6,12,18,43,-25,9,0.42,Away
2013/2014,20,Real Betis,19,1,4,14,17,47,-30,7,0.36,Away
2014/2015,1,Barcelona,19,14,3,2,46,10,36,45,4.6,Away
2014/2015,2,Real Madrid,19,14,0,5,53,23,30,42,2.3,Away
2014/2015,3,Atletico Madrid,19,9,6,4,25,18,7,33,1.39,Away
2014/2015,4,Sevilla,19,9,3,7,32,32,0,30,1,Away
2014/2015,5,Valencia,19,7,8,4,28,22,6,29,1.27,Away
2014/2015,6,Athletic Bilbao,19,7,4,8,14,21,-7,25,0.67,Away
2014/2015,7,Villarreal,19,4,11,4,19,20,-1,23,0.95,Away
2014/2015,8,Rayo Vallecano,19,7,2,10,20,42,-22,23,0.48,Away
2014/2015,9,Celta Vigo,19,5,7,7,17,22,-5,22,0.77,Away
2014/2015,10,Malaga,19,6,2,11,16,28,-12,20,0.57,Away
2014/2015,11,Elche,19,5,5,9,16,31,-15,20,0.52,Away
2014/2015,12,Espanyol,19,5,4,10,24,32,-8,19,0.75,Away
2014/2015,13,Eibar,19,4,5,10,14,26,-12,17,0.54,Away
2014/2015,14,Almeria,19,5,1,13,15,36,-21,16,0.42,Away
2014/2015,15,Real Sociedad,19,2,8,9,15,30,-15,14,0.5,Away
2014/2015,16,Deportivo La Coruna,19,2,8,9,13,30,-17,14,0.43,Away
2014/2015,17,Getafe,19,4,2,13,17,42,-25,14,0.4,Away
2014/2015,18,Levante,19,3,4,12,14,37,-23,13,0.38,Away
2014/2015,19,Granada,19,3,4,12,16,47,-31,13,0.34,Away
2014/2015,20,Cordoba,19,2,5,12,10,35,-25,11,0.29,Away
2015/2016,1,Barcelona,19,13,3,3,45,15,30,42,3,Away
2015/2016,2,Real Madrid,19,12,5,2,40,18,22,41,2.22,Away
2015/2016,3,Atletico Madrid,19,13,1,5,30,11,19,40,2.73,Away
2015/2016,4,Celta Vigo,19,8,3,8,22,34,-12,27,0.65,Away
2015/2016,5,Athletic Bilbao,19,7,4,8,23,28,-5,25,0.82,Away
2015/2016,6,Villarreal,19,6,6,7,18,23,-5,24,0.78,Away
2015/2016,7,Real Sociedad,19,6,4,9,23,28,-5,22,0.82,Away
2015/2016,8,Deportivo La Coruna,19,4,10,5,20,27,-7,22,0.74,Away
2015/2016,9,Real Betis,19,5,6,8,17,29,-12,21,0.59,Away
2015/2016,10,Valencia,19,5,4,10,21,25,-4,19,0.84,Away
2015/2016,11,Malaga,19,4,6,9,12,20,-8,18,0.6,Away
2015/2016,12,Granada,19,4,4,11,20,38,-18,16,0.53,Away
2015/2016,13,Las Palmas,19,4,3,12,20,36,-16,15,0.56,Away
2015/2016,14,Eibar,19,3,5,11,23,39,-16,14,0.59,Away
2015/2016,15,Sporting Gijon,19,3,5,11,12,34,-22,14,0.35,Away
2015/2016,16,Espanyol,19,3,2,14,18,46,-28,11,0.39,Away
2015/2016,17,Getafe,19,3,2,14,14,47,-33,11,0.3,Away
2015/2016,18,Rayo Vallecano,19,1,7,11,23,44,-21,10,0.52,Away
2015/2016,19,Sevilla,19,0,9,10,13,29,-16,9,0.45,Away
2015/2016,20,Levante,19,1,3,15,14,44,-30,6,0.32,Away
2016/2017,1,Real Madrid,19,15,2,2,58,21,37,47,2.76,Away
2016/2017,2,Barcelona,19,13,3,3,52,20,32,42,2.6,Away
2016/2017,3,Atletico Madrid,19,9,7,3,30,13,17,34,2.31,Away
2016/2017,4,Villarreal,19,8,6,5,21,15,6,30,1.4,Away
2016/2017,5,Real Sociedad,19,9,2,8,29,29,0,29,1,Away
2016/2017,6,Espanyol,19,7,6,6,21,26,-5,27,0.81,Away
2016/2017,7,Deportivo Alaves,19,7,5,7,22,22,0,26,1,Away
2016/2017,8,Sevilla,19,7,5,7,30,33,-3,26,0.91,Away
2016/2017,9,Eibar,19,5,6,8,27,30,-3,21,0.9,Away
2016/2017,10,Athletic Bilbao,19,6,2,11,17,25,-8,20,0.68,Away
2016/2017,11,Valencia,19,5,3,11,24,33,-9,18,0.73,Away
2016/2017,12,Celta Vigo,19,4,4,11,23,37,-14,16,0.62,Away
2016/2017,13,Malaga,19,2,8,9,17,30,-13,14,0.57,Away
2016/2017,14,Leganes,19,3,5,11,14,32,-18,14,0.44,Away
2016/2017,15,Real Betis,19,4,2,13,19,40,-21,14,0.48,Away
2016/2017,16,Sporting Gijon,19,2,6,11,16,34,-18,12,0.47,Away
2016/2017,17,Deportivo La Coruna,19,1,7,11,16,38,-22,10,0.42,Away
2016/2017,18,Osasuna,19,2,3,14,17,55,-38,9,0.31,Away
2016/2017,19,Las Palmas,19,1,3,15,20,49,-29,6,0.41,Away
2016/2017,20,Granada,19,0,4,15,13,50,-37,4,0.26,Away
2017/2018,1,Barcelona,19,12,6,1,46,18,28,42,2.56,Away
2017/2018,2,Atletico Madrid,19,11,4,4,28,14,14,37,2,Away
2017/2018,3,Real Madrid,19,10,6,3,40,24,16,36,1.67,Away
2017/2018,4,Valencia,19,9,4,6,29,22,7,31,1.32,Away
2017/2018,5,Real Betis,19,8,2,9,25,30,-5,26,0.83,Away
2017/2018,6,Villarreal,19,7,4,8,22,28,-6,25,0.79,Away
2017/2018,7,Getafe,19,6,6,7,16,20,-4,24,0.8,Away
2017/2018,8,Girona,19,6,6,7,24,37,-13,24,0.65,Away
2017/2018,9,Eibar,19,6,5,8,18,31,-13,23,0.58,Away
2017/2018,10,Sevilla,19,6,2,11,18,36,-18,20,0.5,Away
2017/2018,11,Deportivo Alaves,19,6,1,12,19,27,-8,19,0.7,Away
2017/2018,12,Espanyol,19,4,7,8,16,26,-10,19,0.62,Away
2017/2018,13,Levante,19,4,7,8,19,30,-11,19,0.63,Away
2017/2018,14,Athletic Bilbao,19,4,5,10,22,33,-11,17,0.67,Away
2017/2018,15,Celta Vigo,19,5,2,12,25,37,-12,17,0.68,Away
2017/2018,16,Real Sociedad,19,4,4,11,19,30,-11,16,0.63,Away
2017/2018,17,Leganes,19,3,3,13,15,32,-17,12,0.47,Away
2017/2018,18,Deportivo La Coruna,19,2,5,12,16,43,-27,11,0.37,Away
2017/2018,19,Las Palmas,19,1,5,13,9,36,-27,8,0.25,Away
2017/2018,20,Malaga,19,1,2,16,10,34,-24,5,0.29,Away
2018/2019,1,Barcelona,19,11,6,2,39,19,20,39,2.05,Away
2018/2019,2,Valencia,19,8,6,5,27,23,4,30,1.17,Away
2018/2019,3,Atletico Madrid,19,7,7,5,23,19,4,28,1.21,Away
2018/2019,4,Real Madrid,19,8,4,7,31,31,0,28,1,Away
2018/2019,5,Getafe,19,4,11,4,20,22,-2,23,0.91,Away
2018/2019,6,Real Sociedad,19,6,5,8,22,26,-4,23,0.85,Away
2018/2019,7,Girona,19,6,4,9,20,25,-5,22,0.8,Away
2018/2019,8,Villarreal,19,5,6,8,21,26,-5,21,0.81,Away
2018/2019,9,Real Betis,19,6,3,10,19,26,-7,21,0.73,Away
2018/2019,10,Real Valladolid,19,5,6,8,16,25,-9,21,0.64,Away
2018/2019,11,Deportivo Alaves,19,6,3,10,20,31,-11,21,0.65,Away
2018/2019,12,Sevilla,19,5,5,9,23,27,-4,20,0.85,Away
2018/2019,13,Levante,19,5,4,10,25,32,-7,19,0.78,Away
2018/2019,14,Athletic Bilbao,19,4,6,9,15,26,-11,18,0.58,Away
2018/2019,15,Espanyol,19,3,8,8,20,28,-8,17,0.71,Away
2018/2019,16,Leganes,19,4,4,11,18,27,-9,16,0.67,Away
2018/2019,17,Eibar,19,2,8,9,15,29,-14,14,0.52,Away
2018/2019,18,Celta Vigo,19,2,6,11,22,37,-15,12,0.59,Away
2018/2019,19,Huesca,19,2,6,11,19,35,-16,12,0.54,Away
2018/2019,20,Rayo Vallecano,19,3,2,14,16,38,-22,11,0.42,Away
2019/2020,1,Real Madrid,19,11,5,3,30,14,16,38,2.14,Away
2019/2020,2,Sevilla,19,9,6,4,28,20,8,33,1.4,Away
2019/2020,3,Barcelona,19,9,5,5,34,22,12,32,1.55,Away
2019/2020,4,Atletico Madrid,19,6,10,3,23,16,7,28,1.44,Away
2019/2020,5,Villarreal,19,9,1,9,26,24,2,28,1.08,Away
2019/2020,6,Real Sociedad,19,7,4,8,23,28,-5,25,0.82,Away
2019/2020,7,Getafe,19,6,6,7,18,17,1,24,1.06,Away
2019/2020,8,Osasuna,19,6,6,7,20,25,-5,24,0.8,Away
2019/2020,9,Granada,19,6,5,8,26,29,-3,23,0.9,Away
2019/2020,10,Athletic Bilbao,19,4,8,7,20,24,-4,20,0.83,Away
2019/2020,11,Levante,19,5,2,12,20,34,-14,17,0.59,Away
2019/2020,12,Real Valladolid,19,4,5,10,14,28,-14,17,0.5,Away
2019/2020,13,Leganes,19,3,7,9,13,25,-12,16,0.52,Away
2019/2020,14,Eibar,19,3,6,10,14,31,-17,15,0.45,Away
2019/2020,15,Celta Vigo,19,2,8,9,15,29,-14,14,0.52,Away
2019/2020,16,Espanyol,19,3,4,12,12,27,-15,13,0.44,Away
2019/2020,17,Valencia,19,3,4,12,17,37,-20,13,0.46,Away
2019/2020,18,Deportivo Alaves,19,3,3,13,14,40,-26,12,0.35,Away
2019/2020,19,Real Betis,19,1,7,11,14,33,-19,10,0.42,Away
2019/2020,20,Mallorca,19,1,3,15,15,43,-28,6,0.35,Away
2020/2021,1,Real Madrid,19,12,6,1,34,15,19,42,2.27,Away
2020/2021,2,Barcelona,19,13,2,4,41,18,23,41,2.28,Away
2020/2021,3,Atletico Madrid,19,11,5,3,26,14,12,38,1.86,Away
2020/2021,4,Sevilla,19,10,4,5,26,22,4,34,1.18,Away
2020/2021,5,Real Sociedad,19,8,5,6,25,17,8,29,1.47,Away
2020/2021,6,Villarreal,19,7,7,5,31,21,10,28,1.48,Away
2020/2021,7,Real Betis,19,7,5,7,23,29,-6,26,0.79,Away
2020/2021,8,Cadiz,19,6,6,7,19,28,-9,24,0.68,Away
2020/2021,9,Celta Vigo,19,5,8,6,25,27,-2,23,0.93,Away
2020/2021,10,Osasuna,19,4,6,9,16,25,-9,18,0.64,Away
2020/2021,11,Levante,19,4,5,10,19,27,-8,17,0.7,Away
2020/2021,12,Eibar,19,4,5,10,17,31,-14,17,0.55,Away
2020/2021,13,Athletic Bilbao,19,3,7,9,17,23,-6,16,0.74,Away
2020/2021,14,Real Valladolid,19,2,9,8,15,27,-12,15,0.56,Away
2020/2021,15,Granada,19,4,3,12,22,40,-18,15,0.55,Away
2020/2021,16,Deportivo Alaves,19,3,5,11,15,32,-17,14,0.47,Away
2020/2021,17,Getafe,19,3,5,11,13,30,-17,14,0.43,Away
2020/2021,18,Elche,19,3,4,12,16,32,-16,13,0.5,Away
2020/2021,19,Valencia,19,2,6,11,16,30,-14,12,0.53,Away
2020/2021,20,Huesca,19,2,6,11,17,32,-15,12,0.53,Away
2021/2022,1,Real Madrid,19,13,3,3,36,18,18,42,2,Away
2021/2022,2,Barcelona,19,9,8,2,31,19,12,35,1.63,Away
2021/2022,3,Real Betis,19,9,6,4,28,18,10,33,1.56,Away
2021/2022,4,Atletico Madrid,19,9,3,7,32,27,5,30,1.19,Away
2021/2022,5,Sevilla,19,6,10,3,17,13,4,28,1.31,Away
2021/2022,6,Real Sociedad,19,7,6,6,24,28,-4,27,0.86,Away
2021/2022,7,Osasuna,19,7,4,8,20,25,-5,25,0.8,Away
2021/2022,8,Villarreal,19,6,5,8,23,19,4,23,1.21,Away
2021/2022,9,Valencia,19,5,7,7,22,29,-7,22,0.76,Away
2021/2022,10,Celta Vigo,19,5,6,8,17,20,-3,21,0.85,Away
2021/2022,11,Athletic Bilbao,19,4,9,6,14,18,-4,21,0.78,Away
2021/2022,12,Cadiz,19,5,6,8,16,27,-11,21,0.59,Away
2021/2022,13,Granada,19,3,7,9,22,32,-10,16,0.69,Away
2021/2022,14,Elche,19,4,3,12,16,31,-15,15,0.52,Away
2021/2022,15,Rayo Vallecano,19,3,4,12,13,28,-15,13,0.46,Away
2021/2022,16,Levante,19,3,4,12,23,46,-23,13,0.5,Away
2021/2022,17,Mallorca,19,3,3,13,16,38,-22,12,0.42,Away
2021/2022,18,Getafe,19,1,8,10,12,26,-14,11,0.46,Away
2021/2022,19,Espanyol,19,1,6,12,15,34,-19,9,0.44,Away
2021/2022,20,Deportivo Alaves,19,1,3,15,14,44,-30,6,0.32,Away
2022/2023,1,Barcelona,19,13,1,5,33,16,17,40,2.06,Away
2022/2023,2,Atletico Madrid,19,10,5,4,29,18,11,35,1.61,Away
2022/2023,3,Real Madrid,19,11,1,7,31,20,11,34,1.55,Away
2022/2023,4,Real Sociedad,19,10,3,6,25,19,6,33,1.32,Away
2022/2023,5,Real Betis,19,8,4,7,20,23,-3,28,0.87,Away
2022/2023,6,Villarreal,19,7,4,8,23,22,1,25,1.05,Away
2022/2023,7,Athletic Bilbao,19,6,6,7,25,28,-3,24,0.89,Away
2022/2023,8,Sevilla,19,6,5,8,23,29,-6,23,0.79,Away
2022/2023,9,Osasuna,19,4,7,8,13,21,-8,19,0.62,Away
2022/2023,10,Espanyol,19,4,6,9,25,34,-9,18,0.74,Away
2022/2023,11,Rayo Vallecano,19,4,5,10,17,31,-14,17,0.55,Away
2022/2023,12,Girona,19,3,7,9,23,29,-6,16,0.79,Away
2022/2023,13,Celta Vigo,19,4,4,11,17,32,-15,16,0.53,Away
2022/2023,14,Getafe,19,3,6,10,13,25,-12,15,0.52,Away
2022/2023,15,Mallorca,19,4,3,12,15,31,-16,15,0.48,Away
2022/2023,16,Cadiz,19,3,6,10,11,30,-19,15,0.37,Away
2022/2023,17,Valencia,19,3,4,12,15,26,-11,13,0.58,Away
2022/2023,18,Real Valladolid,19,3,3,13,12,38,-26,12,0.32,Away
2022/2023,19,Elche,19,2,4,13,12,38,-26,10,0.32,Away
2022/2023,20,Almeria,19,1,5,13,20,43,-23,8,0.47,Away
