Rank,Team,Goals,Shots pg,Yellow Card,Red Card,Possession%,Pass%,AerialsWon,Rating,Season,Summary
1,Barcelona,95,15.8,71,2,67.4,89.6,6.2,7.21,2010/2011,Overall
2,Real Madrid,102,19.1,94,7,55,82.9,10.1,7.2,2010/2011,Overall
3,Valencia,64,13.1,112,8,0,80,11.8,6.97,2010/2011,Overall
4,Villarreal,54,13.9,88,5,52.7,82.2,7.8,6.95,2010/2011,Overall
5,Atletico Madrid,62,15.1,106,5,49.9,76.6,10.7,6.89,2010/2011,Overall
6,Real Zaragoza,41,14,120,9,0,71.2,13.9,6.85,2010/2011,Overall
7,Sevilla,64,13.8,100,7,0,80.1,13.7,6.85,2010/2011,Overall
8,Osasuna,46,12.7,106,7,0,70.2,17,6.85,2010/2011,Overall
9,Sporting Gijon,35,11.6,109,6,45,72.5,12,6.85,2010/2011,Overall
10,Athletic Bilbao,59,13.4,103,7,48.1,74.2,15.6,6.84,2010/2011,Overall
11,Mallorca,41,13,88,4,47,74.1,15.6,6.83,2010/2011,Overall
12,Racing Santander,41,12.3,88,7,47.9,75.6,12.8,6.83,2010/2011,Overall
13,Malaga,54,11.8,102,7,48.9,78.3,11.9,6.83,2010/2011,Overall
14,Real Sociedad,46,11.3,80,0,0,70.8,16.3,6.81,2010/2011,Overall
15,Getafe,49,13.8,109,7,50.7,77,11.6,6.81,2010/2011,Overall
16,Deportivo La Coruna,31,11,85,5,45.2,75.2,14,6.78,2010/2011,Overall
17,Espanyol,46,12.3,109,5,51.9,77.3,10.2,6.75,2010/2011,Overall
18,Hercules,36,10.5,93,8,50.1,75.6,14.4,6.75,2010/2011,Overall
19,Levante,43,10.4,126,3,44,70.4,13.8,6.73,2010/2011,Overall
20,Almeria,38,12.2,101,4,0,73.5,13.8,6.72,2010/2011,Overall
1,Barcelona,114,16.5,74,5,65.4,88.4,5.7,7.25,2011/2012,Overall
2,Real Madrid,120,19.3,90,5,0,84.8,8.4,7.19,2011/2012,Overall
3,Malaga,54,14,72,7,51.4,79.1,11.7,6.96,2011/2012,Overall
4,Real Sociedad,46,12.6,78,8,46.8,74.6,13.9,6.95,2011/2012,Overall
5,Sevilla,47,15.4,109,8,0,77.1,15.3,6.94,2011/2012,Overall
6,Athletic Bilbao,50,12.2,105,8,0,79.2,12.2,6.93,2011/2012,Overall
7,Real Betis,47,13.6,101,7,50.8,77.6,11.4,6.93,2011/2012,Overall
8,Atletico Madrid,53,15.3,128,4,50.6,77.2,10.6,6.91,2011/2012,Overall
9,Valencia,56,13.4,128,7,0,78.9,11.4,6.9,2011/2012,Overall
10,Levante,55,10.3,118,4,42.8,69.7,12,6.9,2011/2012,Overall
11,Villarreal,39,12,97,5,50.4,78.2,11.3,6.89,2011/2012,Overall
12,Mallorca,41,11.5,118,6,20.7,70.4,17.3,6.87,2011/2012,Overall
13,Rayo Vallecano,52,12.9,127,4,23.7,71.4,14.5,6.87,2011/2012,Overall
14,Osasuna,44,12.3,98,8,0,66.7,18.6,6.87,2011/2012,Overall
15,Espanyol,46,13.1,129,7,52.9,77.7,9.7,6.83,2011/2012,Overall
16,Real Zaragoza,37,11.4,119,9,0,70.7,12.7,6.81,2011/2012,Overall
17,Getafe,40,9.8,126,8,46.6,71.7,15,6.81,2011/2012,Overall
18,Sporting Gijon,46,12.2,118,5,0,70.3,13,6.81,2011/2012,Overall
19,Granada,37,13,108,10,0,74.9,11.7,6.77,2011/2012,Overall
20,Racing Santander,30,9.4,115,8,0,69.1,13,6.74,2011/2012,Overall
1,Barcelona,113,13.9,56,3,64.9,89.3,9.5,7.2,2012/2013,Overall
2,Real Madrid,101,18.7,87,6,54.1,81.2,15.4,7.09,2012/2013,Overall
3,Atletico Madrid,66,13.4,96,5,48.2,76.9,18.1,6.96,2012/2013,Overall
4,Valencia,65,14.9,121,8,18.1,80,14.8,6.88,2012/2013,Overall
5,Real Sociedad,68,14.7,94,2,50.1,77.8,16.9,6.88,2012/2013,Overall
6,Malaga,54,11.6,90,6,0,79.7,15.4,6.84,2012/2013,Overall
7,Athletic Bilbao,45,12.6,113,9,54.5,78.8,15.8,6.83,2012/2013,Overall
8,Real Betis,57,11.9,113,7,0,74.3,15.2,6.81,2012/2013,Overall
9,Sevilla,58,14.5,95,4,52.5,79.3,16.3,6.81,2012/2013,Overall
10,Osasuna,33,13.3,110,10,49,68.2,25.3,6.81,2012/2013,Overall
11,Real Valladolid,52,10.2,77,3,0,77.3,16.7,6.79,2012/2013,Overall
12,Espanyol,44,10.8,143,12,0,70.8,17.7,6.77,2012/2013,Overall
13,Getafe,44,12.4,111,9,47.1,73.1,17,6.77,2012/2013,Overall
14,Rayo Vallecano,50,14.9,136,4,0,77.8,14.2,6.75,2012/2013,Overall
15,Granada,36,12.3,99,5,45.6,71.9,16.4,6.74,2012/2013,Overall
16,Celta Vigo,37,12.1,97,4,49,76.2,14.5,6.73,2012/2013,Overall
17,Levante,40,10.5,108,7,0,67.4,14.4,6.72,2012/2013,Overall
18,Deportivo La Coruna,46,13.8,96,8,49.1,78.4,13.4,6.71,2012/2013,Overall
19,Mallorca,43,12.8,98,7,0,71.8,19.8,6.67,2012/2013,Overall
20,Real Zaragoza,37,12.1,120,10,21.4,72.7,16.7,6.65,2012/2013,Overall
1,Real Madrid,103,19.5,74,3,0,85.5,15.6,7.21,2013/2014,Overall
2,Barcelona,96,16.6,69,1,63.7,88.1,12.8,7.18,2013/2014,Overall
3,Atletico Madrid,77,13.2,93,3,18.7,77,17.7,7.06,2013/2014,Overall
4,Athletic Bilbao,66,13.3,76,4,18,77,20.8,6.94,2013/2014,Overall
5,Sevilla,67,12.6,104,8,48.8,76.2,17.5,6.89,2013/2014,Overall
6,Real Sociedad,61,13,75,1,49.5,78.4,18.1,6.86,2013/2014,Overall
7,Valencia,51,13.6,91,4,53.4,80.7,16.1,6.82,2013/2014,Overall
8,Celta Vigo,46,12.9,80,4,26.3,79.2,14.6,6.82,2013/2014,Overall
9,Malaga,38,12.3,114,8,0,77,17.2,6.8,2013/2014,Overall
10,Levante,35,9.4,109,9,41,68.3,19.8,6.8,2013/2014,Overall
11,Villarreal,53,9.9,57,3,48.3,77.1,12,6.8,2013/2014,Overall
12,Espanyol,38,9.9,85,6,45,70.3,22.7,6.77,2013/2014,Overall
13,Granada,32,11.2,93,9,49.5,78.3,16.3,6.77,2013/2014,Overall
14,Real Valladolid,38,9.7,99,2,47.6,74.8,19.4,6.75,2013/2014,Overall
15,Osasuna,32,11.2,85,8,26.7,74.5,22.5,6.75,2013/2014,Overall
16,Almeria,43,10.4,95,5,45.3,73,16.8,6.74,2013/2014,Overall
17,Rayo Vallecano,46,13.9,97,8,56.8,79.8,16.3,6.73,2013/2014,Overall
18,Getafe,36,11.2,113,8,0,70.5,21.3,6.72,2013/2014,Overall
19,Real Betis,36,13.1,104,9,48.9,74.6,17.5,6.69,2013/2014,Overall
20,Elche,29,10.3,109,8,47.7,73.8,14.6,6.64,2013/2014,Overall
1,Barcelona,110,16.4,67,3,70.1,88.2,10.3,7.28,2014/2015,Overall
2,Real Madrid,118,18.1,85,3,57.9,86.3,13.2,7.24,2014/2015,Overall
3,Atletico Madrid,67,11.5,110,5,49.4,76.3,23.3,7,2014/2015,Overall
4,Valencia,70,11.6,103,9,50.1,77.8,18.9,6.99,2014/2015,Overall
5,Sevilla,71,12.2,116,2,49.9,76.2,17,6.89,2014/2015,Overall
6,Villarreal,48,13.3,94,2,48,75.2,16.7,6.87,2014/2015,Overall
7,Celta Vigo,47,13.1,117,5,57.4,79.6,18.9,6.82,2014/2015,Overall
8,Athletic Bilbao,42,11.7,96,4,51.4,73.3,22.7,6.81,2014/2015,Overall
9,Real Sociedad,44,11.3,88,1,50.3,75.1,21.2,6.79,2014/2015,Overall
10,Espanyol,47,9.7,111,6,44.6,72.1,17.6,6.72,2014/2015,Overall
11,Rayo Vallecano,46,12.9,106,6,57.7,78.8,17.9,6.71,2014/2015,Overall
12,Malaga,42,12.1,107,8,48.6,74.2,15.5,6.7,2014/2015,Overall
13,Deportivo La Coruna,35,10.5,103,4,47.5,75,17,6.66,2014/2015,Overall
14,Getafe,33,11.1,96,4,45.6,74.3,16.8,6.65,2014/2015,Overall
15,Almeria,35,10.4,107,11,43.6,70.6,16.2,6.63,2014/2015,Overall
16,Cordoba,22,10.3,95,9,45.8,75.6,18.9,6.61,2014/2015,Overall
17,Eibar,34,9.3,103,5,41.9,68.2,20.3,6.61,2014/2015,Overall
18,Granada,29,10.6,112,5,45.4,74.3,17.3,6.61,2014/2015,Overall
19,Levante,34,10.6,107,3,42.1,71.1,19.1,6.6,2014/2015,Overall
20,Elche,35,10.7,103,6,47.4,75.1,15.6,6.59,2014/2015,Overall
1,Real Madrid,110,18.7,68,5,56,86.7,11.3,7.25,2015/2016,Overall
2,Barcelona,111,15.9,66,1,62.9,86.8,9.9,7.23,2015/2016,Overall
3,Atletico Madrid,63,12.5,88,3,48.7,77.9,16.5,7.09,2015/2016,Overall
4,Athletic Bilbao,59,12,83,6,49.3,74.4,21.2,6.84,2015/2016,Overall
5,Real Sociedad,45,12,104,5,51.6,77,17.8,6.83,2015/2016,Overall
6,Valencia,45,10.5,103,7,50.2,78.8,15.7,6.79,2015/2016,Overall
7,Villarreal,43,9,96,4,47.1,76.2,13.2,6.79,2015/2016,Overall
8,Celta Vigo,53,11.7,109,7,55,79.5,15.2,6.78,2015/2016,Overall
9,Malaga,40,11.9,104,5,48.6,73.2,17.1,6.77,2015/2016,Overall
10,Las Palmas,44,11,95,4,53.9,81.3,14.1,6.77,2015/2016,Overall
11,Sevilla,51,12.1,95,8,49.6,77.3,16.3,6.76,2015/2016,Overall
12,Real Betis,34,10.4,105,5,47.7,74.6,15.2,6.73,2015/2016,Overall
13,Deportivo La Coruna,42,12,80,4,47.7,75,15.1,6.71,2015/2016,Overall
14,Eibar,48,11,103,4,46.1,68.6,18.8,6.69,2015/2016,Overall
15,Rayo Vallecano,52,13.2,108,10,53.8,77.1,17.1,6.67,2015/2016,Overall
16,Sporting Gijon,40,9.8,98,6,44.5,72.1,13.9,6.65,2015/2016,Overall
17,Granada,46,11.3,134,7,46.3,73.2,14.6,6.63,2015/2016,Overall
18,Espanyol,41,10.3,122,5,47.2,74.9,15.7,6.62,2015/2016,Overall
19,Getafe,36,11.5,124,6,47,75.2,12.1,6.6,2015/2016,Overall
20,Levante,37,11.4,125,7,47,73.3,18.7,6.6,2015/2016,Overall
1,Barcelona,116,17.1,73,1,62.1,86.7,9.1,7.19,2016/2017,Overall
2,Real Madrid,106,17.4,75,2,54.8,86.5,12.8,7.14,2016/2017,Overall
3,Atletico Madrid,70,13.3,80,3,49,78.9,16.1,7.02,2016/2017,Overall
4,Sevilla,69,12.8,104,4,56.4,82.3,13.5,6.84,2016/2017,Overall
5,Villarreal,56,11.3,89,4,49.6,80.5,12.4,6.84,2016/2017,Overall
6,Athletic Bilbao,53,12.8,88,2,50.4,75.9,20.5,6.8,2016/2017,Overall
7,Valencia,56,11.8,108,6,49.2,79.7,12.9,6.76,2016/2017,Overall
8,Deportivo Alaves,41,10.4,116,5,46.2,76.4,18,6.76,2016/2017,Overall
9,Real Sociedad,59,13,79,6,54.8,81,14.6,6.76,2016/2017,Overall
10,Eibar,56,11.9,93,7,48.1,71.5,18.8,6.75,2016/2017,Overall
11,Espanyol,49,9,80,2,45.7,75.7,14.4,6.74,2016/2017,Overall
12,Malaga,49,12.9,108,7,48.7,76,17.3,6.7,2016/2017,Overall
13,Deportivo La Coruna,43,12.1,93,4,47.8,77.7,15.8,6.69,2016/2017,Overall
14,Real Betis,41,11.6,102,5,48.7,76.3,14.5,6.68,2016/2017,Overall
15,Celta Vigo,53,10.6,97,8,52.2,79,14.3,6.66,2016/2017,Overall
16,Las Palmas,53,11.6,99,6,56.9,84.8,10,6.63,2016/2017,Overall
17,Leganes,36,10.7,105,3,45.9,71.3,18.9,6.62,2016/2017,Overall
18,Sporting Gijon,42,9.9,114,4,45.6,72.6,15.2,6.58,2016/2017,Overall
19,Osasuna,40,10.3,98,3,41.8,69.2,17.1,6.51,2016/2017,Overall
20,Granada,30,10.1,109,6,46.1,76.6,12.9,6.5,2016/2017,Overall
1,Barcelona,99,15.3,68,2,60,87.3,9.3,7.14,2017/2018,Overall
2,Real Madrid,94,18.4,63,4,57.8,88.3,11.1,7.09,2017/2018,Overall
3,Atletico Madrid,58,10.7,90,5,48.1,80,15.2,6.97,2017/2018,Overall
4,Valencia,65,12.7,99,5,49.3,81.2,14.8,6.9,2017/2018,Overall
5,Villarreal,57,12.5,109,6,50.2,81.6,15.2,6.78,2017/2018,Overall
6,Real Sociedad,66,13.7,57,5,55.1,83.9,13.7,6.76,2017/2018,Overall
7,Athletic Bilbao,41,11.3,94,0,49.4,77.2,19.8,6.75,2017/2018,Overall
8,Sevilla,49,13.6,95,3,53.1,81.9,15.9,6.75,2017/2018,Overall
9,Real Betis,60,11,90,3,55.9,84.7,12.2,6.74,2017/2018,Overall
10,Celta Vigo,59,11.8,87,1,54.4,82.3,15,6.74,2017/2018,Overall
11,Girona,50,12,105,0,47.5,76.2,17.7,6.73,2017/2018,Overall
12,Espanyol,36,10.9,87,1,47.4,76.1,16.6,6.71,2017/2018,Overall
13,Eibar,44,12.4,82,3,51.2,73.6,20.6,6.7,2017/2018,Overall
14,Deportivo Alaves,40,10.3,102,4,42.7,72,17,6.68,2017/2018,Overall
15,Getafe,42,9.8,126,5,42.3,65.9,15,6.67,2017/2018,Overall
16,Leganes,34,10.4,99,5,44.6,71.7,18.1,6.65,2017/2018,Overall
17,Levante,44,10.8,106,6,44.5,74.9,13.2,6.62,2017/2018,Overall
18,Deportivo La Coruna,38,12.3,98,2,47.4,77.8,15.3,6.61,2017/2018,Overall
19,Las Palmas,24,10.9,87,3,53.8,81.9,13.3,6.54,2017/2018,Overall
20,Malaga,24,10.6,92,8,45.3,75.1,16.2,6.53,2017/2018,Overall
1,Barcelona,90,14.7,75,2,61.4,88.3,12.1,6.99,2018/2019,Overall
2,Atletico Madrid,55,11.7,97,5,49.3,80.6,18.2,6.9,2018/2019,Overall
3,Real Madrid,63,15.6,75,6,57.8,87.5,13.1,6.86,2018/2019,Overall
4,Valencia,51,12.6,87,3,47.8,79.6,16.3,6.8,2018/2019,Overall
5,Sevilla,62,13.9,111,6,51.4,79.6,17.9,6.78,2018/2019,Overall
6,Villarreal,49,13,112,3,48.5,79.9,16.9,6.72,2018/2019,Overall
7,Real Sociedad,45,11.3,78,4,51.7,80.2,19,6.7,2018/2019,Overall
8,Eibar,46,14,79,2,52,72.7,27.1,6.7,2018/2019,Overall
9,Real Betis,44,11.7,90,1,59.4,86.7,12.7,6.69,2018/2019,Overall
10,Celta Vigo,53,11.9,74,4,51.5,81.8,18,6.69,2018/2019,Overall
11,Espanyol,48,12.5,87,2,49.6,80,16.3,6.69,2018/2019,Overall
12,Getafe,48,10.6,104,7,43,63.7,22.8,6.69,2018/2019,Overall
13,Athletic Bilbao,41,10.2,117,5,49.7,76.9,25.3,6.68,2018/2019,Overall
14,Leganes,37,11,102,4,44.5,73.2,25.1,6.67,2018/2019,Overall
15,Deportivo Alaves,39,11.3,101,1,44.6,70.8,23.6,6.66,2018/2019,Overall
16,Levante,59,11.6,101,7,46.6,75.3,13.1,6.65,2018/2019,Overall
17,Girona,37,10.5,79,4,48.5,78.6,20.4,6.65,2018/2019,Overall
18,Huesca,43,12.4,112,3,45.8,73.7,20.3,6.62,2018/2019,Overall
19,Rayo Vallecano,41,12.1,97,8,49.5,78.9,14.6,6.61,2018/2019,Overall
20,Real Valladolid,32,10.9,93,0,47.5,76.4,16.3,6.59,2018/2019,Overall
1,Real Madrid,70,14.8,76,4,57.1,86.9,14.1,6.97,2019/2020,Overall
2,Barcelona,86,13,86,6,63.2,88.8,12.5,6.95,2019/2020,Overall
3,Sevilla,54,12.9,96,1,55.9,83,20.4,6.8,2019/2020,Overall
4,Atletico Madrid,51,11.8,89,3,48.9,78.8,22.7,6.78,2019/2020,Overall
5,Villarreal,63,13,78,1,29.6,82.7,15.1,6.75,2019/2020,Overall
6,Real Sociedad,56,11.3,77,2,54.6,81.1,22.4,6.69,2019/2020,Overall
7,Athletic Bilbao,41,10.8,90,2,49,76.4,24.9,6.67,2019/2020,Overall
8,Granada,52,10.4,107,1,45.2,71.3,20.4,6.65,2019/2020,Overall
9,Real Betis,48,12.6,105,9,55.7,83.4,15.8,6.61,2019/2020,Overall
10,Celta Vigo,37,9.7,100,6,51.3,80.5,17.7,6.61,2019/2020,Overall
11,Osasuna,46,12.2,104,6,47.8,70.5,23.7,6.61,2019/2020,Overall
12,Getafe,43,10.9,131,7,45.8,61.9,25,6.61,2019/2020,Overall
13,Valencia,46,8.9,75,8,49.4,81.7,15,6.6,2019/2020,Overall
14,Levante,47,11.2,71,5,48.8,77.9,14.1,6.6,2019/2020,Overall
15,Eibar,39,11.3,88,3,46.7,69.2,26.4,6.58,2019/2020,Overall
16,Real Valladolid,32,9.9,84,0,15.4,74.4,17.1,6.57,2019/2020,Overall
17,Leganes,30,11.4,125,4,45,72.2,21.3,6.55,2019/2020,Overall
18,Mallorca,40,11.1,85,5,46.3,77.6,17.5,6.52,2019/2020,Overall
19,Deportivo Alaves,34,8.2,105,7,43.2,70.2,24.5,6.52,2019/2020,Overall
20,Espanyol,27,10.8,95,9,47.5,74.6,21,6.47,2019/2020,Overall
1,Barcelona,85,15.3,68,2,36.9,89.7,10.6,6.87,2020/2021,Overall
2,Real Madrid,67,14.4,57,2,57.7,87.7,11.8,6.86,2020/2021,Overall
3,Atletico Madrid,67,12.1,100,0,51.8,83.1,14.4,6.84,2020/2021,Overall
4,Sevilla,53,12.1,75,2,58.7,86.2,16.6,6.7,2020/2021,Overall
5,Villarreal,60,10.7,65,5,54.3,84.4,13,6.66,2020/2021,Overall
6,Real Sociedad,59,11.3,81,1,53.7,80.8,17.9,6.65,2020/2021,Overall
7,Real Betis,50,11.7,87,8,52.9,82,16.4,6.64,2020/2021,Overall
8,Valencia,50,10.3,77,5,47.9,79.4,16.3,6.6,2020/2021,Overall
9,Celta Vigo,55,9.4,104,5,52,79.9,16.5,6.6,2020/2021,Overall
10,Huesca,34,10.7,68,2,48.7,79.8,15.7,6.55,2020/2021,Overall
11,Athletic Bilbao,46,10.6,81,3,49.4,78.5,17.9,6.54,2020/2021,Overall
12,Osasuna,37,9.8,74,5,44.6,70.2,26.8,6.54,2020/2021,Overall
13,Eibar,29,11.9,67,3,49.2,72.6,24.4,6.53,2020/2021,Overall
14,Deportivo Alaves,36,9.1,87,8,44.6,72.9,22.6,6.5,2020/2021,Overall
15,Levante,46,10.1,70,1,51.5,80.1,12.2,6.5,2020/2021,Overall
16,Getafe,28,9.5,117,7,8.9,66.5,22.8,6.49,2020/2021,Overall
17,Elche,34,7.1,95,3,48.1,81.5,13.2,6.48,2020/2021,Overall
18,Granada,47,9.4,96,6,43.4,70,18.3,6.47,2020/2021,Overall
19,Cadiz,36,8,77,3,38.5,68.8,18.5,6.47,2020/2021,Overall
20,Real Valladolid,34,9.7,93,4,46.2,74.8,17.1,6.46,2020/2021,Overall
1,Real Madrid,80,17.3,76,0,60.1,89,10.5,6.9,2021/2022,Overall
2,Barcelona,68,13.6,91,5,64.7,88.3,12.2,6.77,2021/2022,Overall
3,Real Betis,62,13.6,85,6,53.8,82.5,13.4,6.72,2021/2022,Overall
4,Villarreal,63,12,79,1,56.8,83.6,13,6.72,2021/2022,Overall
5,Atletico Madrid,65,12.2,106,7,50.2,81.1,15,6.68,2021/2022,Overall
6,Sevilla,53,11.4,94,4,59.9,84.7,15.7,6.65,2021/2022,Overall
7,Real Sociedad,40,11.6,76,4,54.6,81.8,18.1,6.64,2021/2022,Overall
8,Celta Vigo,43,10.8,85,3,55.4,79.8,16,6.62,2021/2022,Overall
9,Athletic Bilbao,43,12.3,84,4,47.5,77.1,15.7,6.59,2021/2022,Overall
10,Rayo Vallecano,39,13.3,100,3,49.4,77.6,17.6,6.56,2021/2022,Overall
11,Osasuna,37,11.4,83,2,46.1,74.4,21.7,6.55,2021/2022,Overall
12,Getafe,33,10.8,119,8,40.4,72.3,19.3,6.55,2021/2022,Overall
13,Valencia,48,10.6,123,8,43.3,71.9,15.1,6.54,2021/2022,Overall
14,Cadiz,35,10.8,100,3,40.5,73.6,16.1,6.53,2021/2022,Overall
15,Espanyol,40,10.7,93,7,46.7,81.1,12.1,6.52,2021/2022,Overall
16,Granada,44,11.2,103,4,43.9,72.9,16.2,6.52,2021/2022,Overall
17,Elche,40,8.8,103,6,48,79.2,14.3,6.51,2021/2022,Overall
18,Mallorca,36,11.8,105,7,44.6,76,17.4,6.48,2021/2022,Overall
19,Deportivo Alaves,31,10,87,4,41.3,70.3,23.1,6.46,2021/2022,Overall
20,Levante,51,11.7,105,6,46.6,78.3,11.9,6.46,2021/2022,Overall
1,Real Madrid,75,17,68,3,61.2,90,8.9,6.86,2022/2023,Overall
2,Barcelona,70,15.1,78,6,64.8,88.1,12.3,6.85,2022/2023,Overall
3,Atletico Madrid,70,14.2,86,8,50.4,84.2,11.9,6.75,2022/2023,Overall
4,Villarreal,59,13.3,86,4,56.7,85.4,9.5,6.68,2022/2023,Overall
5,Real Sociedad,51,12.3,91,2,54.6,81.9,17.6,6.65,2022/2023,Overall
6,Real Betis,46,11.1,77,15,50.5,82.4,12.1,6.63,2022/2023,Overall
7,Athletic Bilbao,47,14.4,80,5,51.5,80.1,14.2,6.59,2022/2023,Overall
8,Mallorca,37,8.7,121,5,40.4,75.5,17.8,6.56,2022/2023,Overall
9,Celta Vigo,43,12.4,80,6,50.1,81.8,12.1,6.56,2022/2023,Overall
10,Girona,58,12,88,3,50.9,83.4,11.4,6.55,2022/2023,Overall
11,Valencia,42,12.8,86,8,51.8,80.6,13,6.54,2022/2023,Overall
12,Osasuna,37,11.7,91,7,48.1,78,16.2,6.54,2022/2023,Overall
13,Sevilla,47,12.3,112,13,52.7,83,13.1,6.53,2022/2023,Overall
14,Espanyol,52,11.1,91,10,42.6,76.5,17.1,6.53,2022/2023,Overall
15,Rayo Vallecano,45,13.6,87,6,50.8,78.8,11.5,6.51,2022/2023,Overall
16,Real Valladolid,33,11.8,89,6,48.5,79.1,12.5,6.5,2022/2023,Overall
17,Almeria,49,11.6,94,4,44.9,78.3,12.8,6.5,2022/2023,Overall
18,Getafe,34,9.8,116,9,39.2,70.6,19,6.49,2022/2023,Overall
19,Cadiz,30,10.4,107,7,41.3,74.1,16.1,6.49,2022/2023,Overall
20,Elche,30,10.7,93,12,44.9,79.1,12.8,6.44,2022/2023,Overall
1,Real Madrid,61,20.3,41,4,56.1,84.3,10.3,7.35,2010/2011,Home
2,Barcelona,46,16.7,34,0,67.6,89.4,6.3,7.22,2010/2011,Home
3,Villarreal,33,15.3,43,0,51.8,80.4,7.8,7.1,2010/2011,Home
4,Valencia,34,15.1,50,1,0,79.8,12.5,7.01,2010/2011,Home
5,Mallorca,25,14.1,39,0,47.3,75,15.7,6.99,2010/2011,Home
6,Atletico Madrid,35,16.8,49,5,50.3,77.6,10.8,6.97,2010/2011,Home
7,Osasuna,28,14.1,55,3,0,71.6,17.4,6.97,2010/2011,Home
8,Getafe,33,15.5,50,5,51.7,78.7,11.3,6.97,2010/2011,Home
9,Sevilla,35,15.4,45,2,0,80.7,14.6,6.94,2010/2011,Home
10,Sporting Gijon,23,12.8,63,2,46.5,73.5,10.8,6.92,2010/2011,Home
11,Deportivo La Coruna,22,13.4,38,2,46.5,76.4,13.7,6.91,2010/2011,Home
12,Real Sociedad,25,12.5,38,0,0,71.3,16.5,6.91,2010/2011,Home
13,Athletic Bilbao,32,14.7,51,5,48.5,74.5,15.6,6.9,2010/2011,Home
14,Real Zaragoza,26,15.7,61,4,0,72.3,15.2,6.9,2010/2011,Home
15,Racing Santander,25,13.4,51,4,47.6,74.2,13.3,6.89,2010/2011,Home
16,Malaga,29,13.8,47,1,51.1,80.1,11.7,6.89,2010/2011,Home
17,Espanyol,33,13,49,1,52.7,78.6,10.6,6.86,2010/2011,Home
18,Hercules,27,12.7,37,5,50.9,76.7,15.6,6.85,2010/2011,Home
19,Levante,25,11.8,62,1,45.9,71.3,13.1,6.8,2010/2011,Home
20,Almeria,24,13.9,50,1,0,75.3,12.4,6.78,2010/2011,Home
1,Barcelona,73,17.9,33,2,66.3,89.1,5.9,7.41,2011/2012,Home
2,Real Madrid,70,21.5,35,1,0,87.1,7.6,7.26,2011/2012,Home
3,Atletico Madrid,36,17.3,57,1,51.5,78,9.6,7.08,2011/2012,Home
4,Real Sociedad,29,13.6,38,1,48.3,76.3,13.9,7.08,2011/2012,Home
5,Malaga,35,17.4,38,3,53,81.2,11.7,7.08,2011/2012,Home
6,Sevilla,31,17.4,47,4,0,78.1,16.5,7.02,2011/2012,Home
7,Villarreal,26,13.9,43,1,51,78.1,11.8,7.02,2011/2012,Home
8,Athletic Bilbao,29,13.7,49,6,0,80,12.8,7,2011/2012,Home
9,Valencia,38,16.4,51,2,0,80.4,12.5,7,2011/2012,Home
10,Osasuna,25,13.9,50,3,0,66.2,18.7,7,2011/2012,Home
11,Real Betis,28,15.2,46,1,51.9,78.7,10.7,6.99,2011/2012,Home
12,Levante,34,11.2,58,1,44.8,71.7,10.5,6.96,2011/2012,Home
13,Sporting Gijon,26,14.7,56,2,0,72.1,14.2,6.93,2011/2012,Home
14,Rayo Vallecano,29,14.3,55,2,47.4,70.4,14.3,6.9,2011/2012,Home
15,Real Zaragoza,19,12.6,57,3,0,69.7,14.4,6.89,2011/2012,Home
16,Espanyol,31,14.7,66,1,53.4,79.1,10.5,6.89,2011/2012,Home
17,Mallorca,21,12.3,61,4,0,69.8,18.1,6.87,2011/2012,Home
18,Getafe,24,11.1,69,4,47.5,73.6,13.8,6.87,2011/2012,Home
19,Granada,23,13.1,58,8,0,74.5,10.7,6.81,2011/2012,Home
20,Racing Santander,12,10.3,55,3,0,70.1,13.7,6.79,2011/2012,Home
1,Barcelona,61,15.8,16,0,66,90.5,9.3,7.29,2012/2013,Home
2,Real Madrid,66,22.2,35,3,54.2,84.1,14.8,7.22,2012/2013,Home
3,Atletico Madrid,42,13.9,45,2,49.5,77.8,16.9,7.01,2012/2013,Home
4,Sevilla,40,17.1,46,6,54.3,81.2,16.5,6.98,2012/2013,Home
5,Real Sociedad,41,16.3,43,0,46.3,79,16.4,6.97,2012/2013,Home
6,Valencia,40,15.1,56,5,36.2,80.5,14.5,6.96,2012/2013,Home
7,Malaga,33,13.5,43,2,0,80.6,15.2,6.94,2012/2013,Home
8,Athletic Bilbao,22,14.3,51,3,55.4,78.8,17.2,6.9,2012/2013,Home
9,Osasuna,15,14.8,60,3,50.8,68.2,27.7,6.9,2012/2013,Home
10,Real Betis,27,14.1,61,4,0,74.8,15.7,6.89,2012/2013,Home
11,Real Valladolid,28,11.1,37,0,0,78,16.9,6.83,2012/2013,Home
12,Celta Vigo,23,13.6,50,2,50.1,77.1,14.7,6.81,2012/2013,Home
13,Rayo Vallecano,27,16.4,60,2,0,77.5,14.8,6.81,2012/2013,Home
14,Deportivo La Coruna,22,14.4,51,5,49.2,78.9,13.5,6.8,2012/2013,Home
15,Levante,24,12.9,47,3,0,70.2,14.2,6.79,2012/2013,Home
16,Granada,20,13.6,55,3,47.2,72.8,16.3,6.79,2012/2013,Home
17,Getafe,26,13.2,51,5,47.3,73.6,16.4,6.78,2012/2013,Home
18,Mallorca,26,14.1,51,2,0,73.3,22.2,6.77,2012/2013,Home
19,Espanyol,25,11.6,55,6,0,71.4,18.9,6.77,2012/2013,Home
20,Real Zaragoza,22,12.7,62,6,0,72.1,16.5,6.71,2012/2013,Home
1,Real Madrid,62,20.7,28,1,0,87.1,13.9,7.32,2013/2014,Home
2,Barcelona,63,18.1,28,1,63.8,89.1,12.5,7.31,2013/2014,Home
3,Atletico Madrid,48,14.3,37,0,0,79.6,14.6,7.15,2013/2014,Home
4,Athletic Bilbao,42,15.9,36,3,35.9,78.9,22.6,7.04,2013/2014,Home
5,Real Sociedad,37,14,33,1,50.9,79.9,16.8,7,2013/2014,Home
6,Sevilla,38,15.1,45,2,52.4,79.7,16.5,6.97,2013/2014,Home
7,Valencia,35,15.1,42,2,54.9,81.6,15.8,6.93,2013/2014,Home
8,Levante,19,10.7,50,4,43.6,70.2,21.1,6.88,2013/2014,Home
9,Villarreal,31,11.4,29,2,50.9,78.3,12.8,6.88,2013/2014,Home
10,Real Valladolid,20,11.2,49,0,50.2,75.1,19.3,6.87,2013/2014,Home
11,Espanyol,21,10.4,42,5,44.4,70.2,24.4,6.85,2013/2014,Home
12,Malaga,23,13.6,42,2,0,78.6,17.2,6.84,2013/2014,Home
13,Granada,18,12.6,43,5,51,79,18,6.84,2013/2014,Home
14,Osasuna,20,13.1,40,4,0,73,23.6,6.83,2013/2014,Home
15,Celta Vigo,21,13.4,38,1,52.6,80.8,14.2,6.81,2013/2014,Home
16,Real Betis,19,15.3,51,6,49.6,75.3,18.6,6.8,2013/2014,Home
17,Almeria,26,11.2,48,4,45.6,73.9,15.1,6.78,2013/2014,Home
18,Elche,13,11.2,57,3,49.5,74.3,13.9,6.77,2013/2014,Home
19,Getafe,21,11.9,56,4,0,71.4,21.7,6.75,2013/2014,Home
20,Rayo Vallecano,28,14.9,53,4,58.5,79.7,16.6,6.72,2013/2014,Home
1,Barcelona,64,16.9,31,2,69.9,88.8,9.1,7.37,2014/2015,Home
2,Real Madrid,65,20.1,37,1,58.6,87.5,13.8,7.32,2014/2015,Home
3,Valencia,42,13.5,46,1,51.3,79.9,17,7.14,2014/2015,Home
4,Atletico Madrid,42,12.9,45,2,51,78,22.6,7.12,2014/2015,Home
5,Sevilla,38,13.7,57,1,54.1,79,16.7,7.02,2014/2015,Home
6,Villarreal,29,15.5,29,1,49.2,76.8,16.8,6.95,2014/2015,Home
7,Celta Vigo,30,15.5,50,3,60.5,81.7,19.2,6.9,2014/2015,Home
8,Real Sociedad,29,12.5,40,0,53,76.4,21.4,6.9,2014/2015,Home
9,Athletic Bilbao,28,13.1,48,1,53.5,75.4,24.3,6.87,2014/2015,Home
10,Malaga,26,14.4,55,4,50.8,76.2,15.1,6.81,2014/2015,Home
11,Espanyol,23,10.3,55,2,45.9,70.5,19.7,6.78,2014/2015,Home
12,Rayo Vallecano,26,13.6,54,4,59.3,78.1,18.8,6.77,2014/2015,Home
13,Deportivo La Coruna,22,11.4,49,3,50.1,75.4,16.3,6.73,2014/2015,Home
14,Granada,13,12.2,53,2,48.8,76.4,18.1,6.72,2014/2015,Home
15,Getafe,16,12.2,48,1,46.9,75.1,16.6,6.71,2014/2015,Home
16,Almeria,20,11.5,58,6,45.2,70.9,17.2,6.69,2014/2015,Home
17,Eibar,20,11.2,55,2,46,68,22.1,6.63,2014/2015,Home
18,Levante,20,10.8,53,2,44.5,72.6,18.6,6.63,2014/2015,Home
19,Cordoba,12,11.3,39,3,50.8,76.8,19.5,6.61,2014/2015,Home
20,Elche,19,12.2,55,3,49.9,76.8,15.2,6.6,2014/2015,Home
1,Real Madrid,70,19.8,29,2,57.1,88,10.1,7.38,2015/2016,Home
2,Barcelona,66,17.2,26,1,62.8,86.9,9.7,7.34,2015/2016,Home
3,Atletico Madrid,33,14,45,0,51.3,78.6,17.7,7.1,2015/2016,Home
4,Sevilla,38,13.9,46,2,52.2,80.7,15.1,6.92,2015/2016,Home
5,Athletic Bilbao,35,12.6,36,3,50.1,75.3,21.9,6.91,2015/2016,Home
6,Villarreal,26,10.8,50,1,49.3,77.8,13.1,6.88,2015/2016,Home
7,Real Sociedad,22,13.2,48,4,52,77.5,17.1,6.86,2015/2016,Home
8,Malaga,27,13.6,49,2,48.8,73.6,18,6.86,2015/2016,Home
9,Las Palmas,25,11.1,51,0,55.9,81.4,14.6,6.86,2015/2016,Home
10,Celta Vigo,30,14,43,2,57.3,81.2,14.5,6.85,2015/2016,Home
11,Valencia,24,12.4,36,2,50.8,80.2,15.5,6.82,2015/2016,Home
12,Eibar,25,12.2,49,1,46.9,68.6,19.3,6.77,2015/2016,Home
13,Sporting Gijon,28,11.9,48,1,45.8,73.7,14,6.77,2015/2016,Home
14,Real Betis,17,12.6,58,3,49.8,76.2,16.1,6.76,2015/2016,Home
15,Rayo Vallecano,29,14.1,56,6,53.9,76.1,18.3,6.76,2015/2016,Home
16,Getafe,22,12.9,61,1,47,74.6,11.3,6.76,2015/2016,Home
17,Espanyol,22,10.8,58,3,47.2,74.6,16.7,6.75,2015/2016,Home
18,Deportivo La Coruna,23,13.9,41,3,49.5,76.3,14.6,6.7,2015/2016,Home
19,Levante,23,11.9,61,5,47.7,72.6,19.6,6.7,2015/2016,Home
20,Granada,25,12.3,62,3,46.7,73.7,14.6,6.68,2015/2016,Home
1,Barcelona,64,19.5,30,0,63.2,87.9,9.1,7.22,2016/2017,Home
2,Real Madrid,48,18.4,45,2,56.3,87.3,12.1,7.09,2016/2017,Home
3,Atletico Madrid,40,16.3,32,2,50.7,81,13.6,7.06,2016/2017,Home
4,Sevilla,39,14.5,51,1,57.8,83.1,14.3,6.97,2016/2017,Home
5,Athletic Bilbao,36,13.8,41,0,51.5,77.1,21.8,6.9,2016/2017,Home
6,Villarreal,35,13.7,38,3,51.9,82.2,12.6,6.88,2016/2017,Home
7,Valencia,32,13.9,52,2,49.7,81,13,6.87,2016/2017,Home
8,Malaga,32,14.9,50,2,50,76.9,18,6.82,2016/2017,Home
9,Real Betis,22,13.4,50,2,49.8,77.4,13.6,6.81,2016/2017,Home
10,Las Palmas,33,12.7,45,3,58.1,85.4,10.4,6.81,2016/2017,Home
11,Deportivo La Coruna,27,13.3,41,0,48.6,79.1,16.1,6.8,2016/2017,Home
12,Real Sociedad,30,14.7,37,1,56.1,80.9,14.4,6.8,2016/2017,Home
13,Eibar,29,12.7,34,3,50.5,72.4,21.4,6.8,2016/2017,Home
14,Espanyol,28,11.1,35,1,47.5,77.3,14.2,6.77,2016/2017,Home
15,Deportivo Alaves,19,11.8,58,1,48.4,79,17.5,6.76,2016/2017,Home
16,Leganes,22,11.5,51,1,47.2,70.5,18.7,6.7,2016/2017,Home
17,Celta Vigo,30,11.2,45,2,53.4,80.3,13.5,6.69,2016/2017,Home
18,Sporting Gijon,26,11.5,54,2,47.2,74.7,14.5,6.6,2016/2017,Home
19,Osasuna,23,11.9,55,1,43.2,67.9,18.7,6.59,2016/2017,Home
20,Granada,17,11.8,50,5,48,77.8,12.9,6.58,2016/2017,Home
1,Real Madrid,54,20.9,24,2,58.4,89.2,10,7.2,2017/2018,Home
2,Barcelona,53,15.9,30,1,60,87.8,8.9,7.18,2017/2018,Home
3,Atletico Madrid,30,12,46,2,50.1,82.2,13.7,7.04,2017/2018,Home
4,Valencia,36,15,41,2,49.9,82.9,13.4,6.99,2017/2018,Home
5,Sevilla,31,14.3,44,2,53.7,82.4,18.2,6.88,2017/2018,Home
6,Celta Vigo,34,13.7,41,0,55.3,82.6,15.4,6.87,2017/2018,Home
7,Real Sociedad,47,14.5,29,4,55.5,84.3,13.6,6.87,2017/2018,Home
8,Villarreal,35,14.7,57,3,51.3,82.5,14.4,6.85,2017/2018,Home
9,Athletic Bilbao,19,12,38,0,49.2,77.4,21.7,6.84,2017/2018,Home
10,Espanyol,20,12.8,36,0,48.6,76.2,17.2,6.8,2017/2018,Home
11,Girona,26,13.5,46,0,48.6,77.6,18.9,6.79,2017/2018,Home
12,Eibar,26,13.5,37,2,53,73.6,21.4,6.78,2017/2018,Home
13,Real Betis,35,12.8,35,1,57.1,85,11.5,6.76,2017/2018,Home
14,Getafe,26,11.5,58,3,43.1,66.3,14.8,6.75,2017/2018,Home
15,Leganes,19,11.2,36,3,45.7,71.8,18.2,6.73,2017/2018,Home
16,Deportivo Alaves,21,11.8,58,4,43.7,71.4,17.4,6.7,2017/2018,Home
17,Deportivo La Coruna,22,14.3,54,2,48.1,77.8,16.4,6.68,2017/2018,Home
18,Levante,25,12.2,48,4,45.8,76,13.4,6.62,2017/2018,Home
19,Las Palmas,15,13.2,37,1,56.3,83.5,13.5,6.59,2017/2018,Home
20,Malaga,14,12.3,48,6,45.9,75.1,18,6.57,2017/2018,Home
1,Barcelona,51,17.5,31,2,60.7,88.4,11.3,7.09,2018/2019,Home
2,Atletico Madrid,32,12.5,50,1,50.2,81.9,18,7.02,2018/2019,Home
3,Real Madrid,32,17.7,27,2,59.5,88.4,12.7,6.98,2018/2019,Home
4,Sevilla,39,15.8,59,1,51.9,79.8,17.9,6.91,2018/2019,Home
5,Valencia,24,14.6,43,0,48.3,80.3,18.4,6.87,2018/2019,Home
6,Eibar,31,16.4,39,1,53.3,73.5,29.4,6.84,2018/2019,Home
7,Celta Vigo,31,12.7,40,2,52.2,82.5,18.9,6.81,2018/2019,Home
8,Athletic Bilbao,26,12.6,61,2,51.2,79.1,26.2,6.8,2018/2019,Home
9,Espanyol,28,13.5,37,1,50.2,80.8,16.7,6.8,2018/2019,Home
10,Getafe,28,11.9,43,4,44.4,66.1,21.4,6.79,2018/2019,Home
11,Real Sociedad,23,13.5,40,1,52.8,81.4,19.2,6.73,2018/2019,Home
12,Leganes,19,13.1,54,2,47.5,74.7,25.7,6.73,2018/2019,Home
13,Real Betis,25,13.6,47,0,59.9,87.3,13.6,6.72,2018/2019,Home
14,Deportivo Alaves,19,13,50,0,45.5,70.4,26.5,6.72,2018/2019,Home
15,Villarreal,28,14.1,59,1,50.5,80.5,17.8,6.72,2018/2019,Home
16,Levante,34,13.7,52,5,47.6,76.5,12.1,6.69,2018/2019,Home
17,Rayo Vallecano,25,12.8,51,4,49.7,78.4,16.1,6.67,2018/2019,Home
18,Huesca,24,14.8,58,1,48.1,73.8,21.2,6.65,2018/2019,Home
19,Girona,17,11.6,36,3,50.1,79.7,21.3,6.61,2018/2019,Home
20,Real Valladolid,16,12.3,44,0,49.8,79.2,14.8,6.57,2018/2019,Home
1,Real Madrid,40,16.5,39,1,58.3,87.7,12.8,7.07,2019/2020,Home
2,Barcelona,52,14.5,46,3,63.7,89.3,11.3,7.06,2019/2020,Home
3,Atletico Madrid,28,13.2,36,2,49.1,80.2,21.5,6.85,2019/2020,Home
4,Sevilla,26,14.4,44,0,57.7,84,21.3,6.82,2019/2020,Home
5,Villarreal,37,13.6,39,0,0,83.8,14.6,6.81,2019/2020,Home
6,Real Sociedad,33,13.8,36,1,55.6,82.1,22.4,6.79,2019/2020,Home
7,Valencia,29,10.2,36,2,49.6,82.2,16.1,6.77,2019/2020,Home
8,Granada,26,11.3,46,0,46.2,71.8,20.6,6.72,2019/2020,Home
9,Athletic Bilbao,21,12.9,52,1,50.6,79.1,24.2,6.71,2019/2020,Home
10,Real Betis,34,14,54,6,55.3,83.2,16.6,6.71,2019/2020,Home
11,Levante,27,11.6,34,3,49.3,78.4,15.2,6.68,2019/2020,Home
12,Celta Vigo,22,11,47,5,52.6,81,17.7,6.66,2019/2020,Home
13,Deportivo Alaves,20,9.3,60,1,45.4,71.7,25.4,6.65,2019/2020,Home
14,Osasuna,26,14.1,53,2,50.1,71.8,24,6.65,2019/2020,Home
15,Eibar,25,12.3,52,1,48.5,69.1,28.3,6.65,2019/2020,Home
16,Real Valladolid,18,10.2,44,0,30.8,75,17.4,6.64,2019/2020,Home
17,Mallorca,25,11.1,47,4,45.2,76.3,18.4,6.63,2019/2020,Home
18,Getafe,25,11.9,63,5,47.8,64.3,24.4,6.6,2019/2020,Home
19,Leganes,17,11.9,60,2,46.3,72.5,20,6.54,2019/2020,Home
20,Espanyol,15,11.7,44,2,49.7,76.1,23.2,6.48,2019/2020,Home
1,Atletico Madrid,41,13.5,40,0,50.8,83.9,13.1,6.94,2020/2021,Home
2,Barcelona,44,16.3,27,1,73.7,90,11.2,6.85,2020/2021,Home
3,Real Madrid,33,15.9,20,2,57.6,88.1,11.5,6.83,2020/2021,Home
4,Sevilla,27,13.1,38,0,60.1,87,16.5,6.78,2020/2021,Home
5,Valencia,34,10.3,40,2,47.1,79.6,17.1,6.69,2020/2021,Home
6,Real Betis,27,11.6,40,3,53.8,82.7,16.2,6.68,2020/2021,Home
7,Real Sociedad,34,11.5,44,1,53.8,81,18.6,6.67,2020/2021,Home
8,Villarreal,29,12.1,29,4,55.6,85.2,13.5,6.64,2020/2021,Home
9,Athletic Bilbao,29,11.7,44,1,49.4,79.3,17.1,6.61,2020/2021,Home
10,Huesca,17,11.3,34,0,50.5,79.6,15.8,6.61,2020/2021,Home
11,Celta Vigo,30,10.8,52,2,53.2,81.2,15.3,6.58,2020/2021,Home
12,Osasuna,21,9.8,34,3,45.9,71.7,25.8,6.56,2020/2021,Home
13,Getafe,15,10.5,59,2,0,65.7,23.8,6.56,2020/2021,Home
14,Eibar,12,13.2,39,2,51.1,72.6,26.9,6.56,2020/2021,Home
15,Levante,27,11.4,35,1,51.3,80.5,11.7,6.55,2020/2021,Home
16,Deportivo Alaves,21,10.5,42,5,45.3,72.6,23,6.54,2020/2021,Home
17,Elche,18,6.5,45,2,48.3,82.1,12.8,6.54,2020/2021,Home
18,Granada,25,10.1,47,4,44.5,70.5,17.8,6.52,2020/2021,Home
19,Cadiz,17,8.5,41,0,39.4,70.3,18.5,6.47,2020/2021,Home
20,Real Valladolid,19,9.3,47,2,46.7,75,15.1,6.43,2020/2021,Home
1,Real Madrid,44,18.9,34,0,60.8,89.7,10.3,6.96,2021/2022,Home
2,Villarreal,40,13.3,34,1,58.6,84.3,12.4,6.82,2021/2022,Home
3,Barcelona,37,15.3,41,1,66.6,89.5,10.9,6.8,2021/2022,Home
4,Real Betis,34,15.4,44,4,54.9,82.5,13.8,6.75,2021/2022,Home
5,Sevilla,36,12.6,47,2,59.2,84.9,15.5,6.74,2021/2022,Home
6,Atletico Madrid,33,13.7,54,4,49.4,81.5,16.4,6.73,2021/2022,Home
7,Real Sociedad,16,11.5,39,4,56.2,82.7,19.1,6.67,2021/2022,Home
8,Getafe,21,12.4,59,4,42,72.8,19.6,6.65,2021/2022,Home
9,Rayo Vallecano,26,14.6,44,0,51.1,76.8,18.1,6.64,2021/2022,Home
10,Athletic Bilbao,29,14.1,42,1,50.1,78.9,15.5,6.63,2021/2022,Home
11,Celta Vigo,26,12.2,38,2,58.4,81.5,16.8,6.63,2021/2022,Home
12,Espanyol,25,10.8,50,4,46.2,81.3,12.7,6.62,2021/2022,Home
13,Valencia,26,11.5,58,5,42.9,72.4,13.9,6.57,2021/2022,Home
14,Deportivo Alaves,17,11.9,44,2,42.1,71.1,22.7,6.57,2021/2022,Home
15,Elche,24,10.8,49,4,50.2,80.4,14.8,6.56,2021/2022,Home
16,Mallorca,20,13.2,52,1,45,75.7,16.5,6.55,2021/2022,Home
17,Cadiz,19,12.3,52,2,41.4,74.4,16.2,6.54,2021/2022,Home
18,Osasuna,17,12.7,39,2,48.6,76,22.3,6.53,2021/2022,Home
19,Levante,28,12,52,5,46.6,77.7,12.6,6.53,2021/2022,Home
20,Granada,22,12,48,3,44.7,73,16.8,6.52,2021/2022,Home
1,Real Madrid,44,18.4,29,1,62.6,90.5,8.9,6.95,2022/2023,Home
2,Barcelona,37,17.6,30,3,66.6,89.1,11.8,6.94,2022/2023,Home
3,Atletico Madrid,41,16,36,4,54.3,85.9,12,6.8,2022/2023,Home
4,Villarreal,36,15.6,44,3,58.6,85.4,9.5,6.73,2022/2023,Home
5,Real Betis,26,11.5,39,9,51.9,82.8,12.7,6.68,2022/2023,Home
6,Real Sociedad,26,12.8,47,1,55.7,81.9,18.3,6.67,2022/2023,Home
7,Mallorca,22,9.4,69,3,41.9,76.6,18.3,6.66,2022/2023,Home
8,Celta Vigo,26,13.8,36,2,52.4,83.3,12,6.66,2022/2023,Home
9,Athletic Bilbao,22,16.4,39,2,53,79.9,15.1,6.64,2022/2023,Home
10,Valencia,27,14.1,50,3,54,81.4,13.1,6.63,2022/2023,Home
11,Girona,35,13.7,41,1,50.2,83.6,11.3,6.62,2022/2023,Home
12,Almeria,29,12.1,46,2,46.7,78.3,14,6.61,2022/2023,Home
13,Real Valladolid,21,14.2,32,1,48.8,80,12.3,6.59,2022/2023,Home
14,Osasuna,24,13.8,44,3,51.1,80,14.8,6.59,2022/2023,Home
15,Rayo Vallecano,28,15.3,42,2,53.8,79.5,11.7,6.58,2022/2023,Home
16,Cadiz,19,10.9,56,2,43.4,73.3,17.7,6.58,2022/2023,Home
17,Sevilla,24,15,54,8,55.4,83.9,12.7,6.54,2022/2023,Home
18,Getafe,21,11.6,61,4,42.2,71.5,19,6.54,2022/2023,Home
19,Espanyol,27,13.2,41,6,45.4,79.3,16,6.53,2022/2023,Home
20,Elche,18,13.3,41,6,49.1,80.2,13.5,6.51,2022/2023,Home
1,Barcelona,49,14.9,37,2,67.2,89.7,6,7.2,2010/2011,Away
2,Real Madrid,41,17.8,53,3,53.9,81.3,9.9,7.06,2010/2011,Away
3,Valencia,30,11.1,62,7,0,80.2,11.1,6.92,2010/2011,Away
4,Villarreal,21,12.5,45,5,53.6,83.9,7.8,6.81,2010/2011,Away
5,Atletico Madrid,27,13.4,57,0,49.4,75.5,10.6,6.8,2010/2011,Away
6,Real Zaragoza,15,12.2,59,5,0,70,12.7,6.79,2010/2011,Away
7,Athletic Bilbao,27,12,52,2,47.6,73.8,15.7,6.78,2010/2011,Away
8,Sporting Gijon,12,10.4,46,4,43.5,71.5,13.1,6.78,2010/2011,Away
9,Racing Santander,16,11.3,37,3,48.2,77,12.4,6.77,2010/2011,Away
10,Sevilla,29,12.1,55,5,0,79.5,12.8,6.76,2010/2011,Away
11,Malaga,25,9.8,55,6,46.8,76.2,12,6.76,2010/2011,Away
12,Osasuna,18,11.3,51,4,0,68.6,16.6,6.73,2010/2011,Away
13,Real Sociedad,21,10.2,42,0,0,70.3,16.1,6.71,2010/2011,Away
14,Mallorca,16,11.9,49,4,46.7,73.1,15.5,6.67,2010/2011,Away
15,Levante,18,9.1,64,2,42.1,69.4,14.5,6.67,2010/2011,Away
16,Deportivo La Coruna,9,8.5,47,3,43.9,74,14.3,6.66,2010/2011,Away
17,Getafe,16,12.1,59,2,49.8,75.3,11.9,6.66,2010/2011,Away
18,Almeria,14,10.4,51,3,0,71.6,15.1,6.66,2010/2011,Away
19,Espanyol,13,11.6,60,4,51.1,75.9,9.8,6.64,2010/2011,Away
20,Hercules,9,8.3,56,3,49.3,74.3,13.2,6.64,2010/2011,Away
1,Real Madrid,50,17.1,55,4,0,82.1,9.2,7.11,2011/2012,Away
2,Barcelona,41,15.1,41,3,64.5,87.6,5.5,7.09,2011/2012,Away
3,Mallorca,20,10.7,57,2,41.5,71,16.4,6.87,2011/2012,Away
4,Real Betis,19,11.9,55,6,49.6,76.4,12,6.87,2011/2012,Away
5,Sevilla,16,13.5,62,4,0,76.1,14,6.86,2011/2012,Away
6,Athletic Bilbao,21,10.6,56,2,0,78.3,11.6,6.85,2011/2012,Away
7,Rayo Vallecano,23,11.5,72,2,0,72.4,14.7,6.84,2011/2012,Away
8,Levante,21,9.5,60,3,40.9,67.5,13.6,6.84,2011/2012,Away
9,Malaga,19,10.7,34,4,49.8,76.7,11.7,6.83,2011/2012,Away
10,Valencia,18,10.3,77,5,0,77.3,10.4,6.81,2011/2012,Away
11,Real Sociedad,17,11.5,40,7,45.4,72.8,13.9,6.81,2011/2012,Away
12,Espanyol,15,11.5,63,6,52.3,76.1,9,6.77,2011/2012,Away
13,Villarreal,13,10.1,54,4,49.8,78.4,10.8,6.76,2011/2012,Away
14,Osasuna,19,10.7,48,5,0,67.2,18.4,6.75,2011/2012,Away
15,Getafe,16,8.6,57,4,45.8,69.6,16.1,6.75,2011/2012,Away
16,Atletico Madrid,17,13.2,71,3,49.7,76.3,11.6,6.74,2011/2012,Away
17,Real Zaragoza,18,10.2,62,6,0,71.6,10.9,6.72,2011/2012,Away
18,Granada,14,12.9,50,2,0,75.3,12.6,6.72,2011/2012,Away
19,Racing Santander,18,8.4,60,5,0,68,12.3,6.68,2011/2012,Away
20,Sporting Gijon,20,9.7,62,3,0,68.2,11.8,6.68,2011/2012,Away
1,Barcelona,52,11.9,40,3,63.7,88.1,9.7,7.1,2012/2013,Away
2,Real Madrid,35,15.1,52,3,53.9,78.1,15.9,6.96,2012/2013,Away
3,Atletico Madrid,24,12.9,51,3,46.9,76,19.3,6.92,2012/2013,Away
4,Valencia,25,14.8,65,3,0,79.5,15.2,6.8,2012/2013,Away
5,Real Sociedad,27,13.1,51,2,53.8,76.4,17.5,6.79,2012/2013,Away
6,Athletic Bilbao,23,10.9,62,6,53.6,78.7,14.5,6.77,2012/2013,Away
7,Espanyol,19,10,88,6,0,70,16.4,6.76,2012/2013,Away
8,Malaga,21,9.7,47,4,0,78.6,15.6,6.75,2012/2013,Away
9,Getafe,18,11.6,60,4,46.9,72.7,17.6,6.75,2012/2013,Away
10,Real Betis,30,9.8,52,3,0,73.8,14.7,6.74,2012/2013,Away
11,Real Valladolid,24,9.4,40,3,0,76.6,16.5,6.74,2012/2013,Away
12,Osasuna,18,11.8,50,7,47.2,68.3,22.9,6.72,2012/2013,Away
13,Rayo Vallecano,23,13.4,76,2,0,78.1,13.5,6.69,2012/2013,Away
14,Granada,16,11,44,2,44.1,70.9,16.5,6.68,2012/2013,Away
15,Celta Vigo,14,10.6,47,2,47.9,75.3,14.3,6.65,2012/2013,Away
16,Levante,16,8.2,61,4,0,64.2,14.6,6.64,2012/2013,Away
17,Sevilla,18,11.9,49,8,50.7,77.2,16.1,6.63,2012/2013,Away
18,Deportivo La Coruna,24,13.3,45,3,48.9,77.8,13.3,6.61,2012/2013,Away
19,Real Zaragoza,15,11.5,58,4,42.8,73.3,16.8,6.59,2012/2013,Away
20,Mallorca,17,11.5,47,5,0,70,17.5,6.58,2012/2013,Away
1,Real Madrid,41,18.4,46,2,0,83.9,17.3,7.1,2013/2014,Away
2,Barcelona,33,15.2,41,0,63.6,87,13.1,7.05,2013/2014,Away
3,Atletico Madrid,29,12,56,3,37.4,74.2,20.8,6.96,2013/2014,Away
4,Athletic Bilbao,24,10.7,40,1,0,74.6,19,6.85,2013/2014,Away
5,Celta Vigo,25,12.4,42,3,0,77.3,15,6.84,2013/2014,Away
6,Sevilla,29,10.2,59,6,45.2,71.7,18.6,6.82,2013/2014,Away
7,Malaga,15,11.1,72,6,0,75.1,17.1,6.77,2013/2014,Away
8,Rayo Vallecano,18,12.8,44,4,55.2,79.8,16,6.74,2013/2014,Away
9,Valencia,16,12.1,49,2,51.9,79.8,16.3,6.72,2013/2014,Away
10,Real Sociedad,24,12.1,42,0,48.1,76.7,19.3,6.72,2013/2014,Away
11,Levante,16,8,59,5,38.3,65.8,18.4,6.71,2013/2014,Away
12,Villarreal,22,8.3,28,1,45.7,75.6,11.2,6.71,2013/2014,Away
13,Granada,14,9.8,50,4,47.9,77.6,14.6,6.69,2013/2014,Away
14,Almeria,17,9.6,47,1,45,72,18.4,6.69,2013/2014,Away
15,Espanyol,17,9.5,43,1,45.6,70.4,21,6.68,2013/2014,Away
16,Getafe,15,10.4,57,4,0,69.7,20.8,6.68,2013/2014,Away
17,Osasuna,12,9.3,45,4,53.3,76,21.5,6.67,2013/2014,Away
18,Real Valladolid,18,8.3,50,2,44.9,74.6,19.5,6.63,2013/2014,Away
19,Real Betis,17,10.9,53,3,48.3,73.9,16.3,6.58,2013/2014,Away
20,Elche,16,9.5,52,5,45.9,73.4,15.3,6.51,2013/2014,Away
1,Barcelona,46,15.9,36,1,70.3,87.6,11.6,7.19,2014/2015,Away
2,Real Madrid,53,16.1,48,2,57.3,85.1,12.6,7.16,2014/2015,Away
3,Atletico Madrid,25,10.1,65,3,47.8,74.5,24.1,6.88,2014/2015,Away
4,Valencia,28,9.7,57,8,48.9,75.5,20.7,6.83,2014/2015,Away
5,Villarreal,19,11.2,65,1,46.7,73.4,16.5,6.79,2014/2015,Away
6,Sevilla,33,10.6,59,1,45.8,72.7,17.2,6.76,2014/2015,Away
7,Celta Vigo,17,10.8,67,2,54.3,77.1,18.6,6.75,2014/2015,Away
8,Athletic Bilbao,14,10.3,48,3,49.3,71,21.1,6.74,2014/2015,Away
9,Real Sociedad,15,10,48,1,47.5,73.7,21,6.67,2014/2015,Away
10,Espanyol,24,9.1,56,4,43.4,73.7,15.5,6.67,2014/2015,Away
11,Rayo Vallecano,20,12.3,52,2,56.1,79.5,17,6.65,2014/2015,Away
12,Cordoba,10,9.3,56,6,40.8,74.1,18.3,6.61,2014/2015,Away
13,Deportivo La Coruna,13,9.6,54,1,44.8,74.5,17.6,6.59,2014/2015,Away
14,Eibar,14,7.5,48,3,37.7,68.5,18.6,6.59,2014/2015,Away
15,Malaga,16,9.9,52,4,46.4,72,15.8,6.58,2014/2015,Away
16,Getafe,17,9.9,48,3,44.3,73.5,17.1,6.58,2014/2015,Away
17,Elche,16,9.2,48,3,44.9,73.2,16,6.57,2014/2015,Away
18,Almeria,15,9.2,49,5,42,70.4,15.3,6.57,2014/2015,Away
19,Levante,14,10.4,54,1,39.6,69.6,19.7,6.56,2014/2015,Away
20,Granada,16,8.9,59,3,42,71.9,16.6,6.49,2014/2015,Away
1,Barcelona,45,14.7,40,0,63,86.7,10.1,7.12,2015/2016,Away
2,Real Madrid,40,17.6,39,3,54.8,85.4,12.6,7.11,2015/2016,Away
3,Atletico Madrid,30,11.1,43,3,46.2,77.1,15.3,7.08,2015/2016,Away
4,Real Sociedad,23,10.7,56,1,51.1,76.5,18.5,6.8,2015/2016,Away
5,Athletic Bilbao,24,11.4,47,3,48.5,73.5,20.4,6.77,2015/2016,Away
6,Valencia,21,8.6,67,5,49.5,77.4,15.9,6.76,2015/2016,Away
7,Deportivo La Coruna,19,10,39,1,45.8,73.5,15.7,6.73,2015/2016,Away
8,Real Betis,17,8.3,47,2,45.7,72.9,14.3,6.71,2015/2016,Away
9,Celta Vigo,23,9.3,66,5,52.6,77.5,15.8,6.71,2015/2016,Away
10,Villarreal,17,7.2,46,3,44.9,74.3,13.4,6.7,2015/2016,Away
11,Malaga,13,10.2,55,3,48.3,72.7,16.3,6.67,2015/2016,Away
12,Las Palmas,19,10.9,44,4,51.8,81.1,13.5,6.67,2015/2016,Away
13,Eibar,23,9.8,54,3,45.2,68.5,18.2,6.62,2015/2016,Away
14,Sevilla,13,10.3,49,6,47,73,17.5,6.59,2015/2016,Away
15,Granada,21,10.4,72,4,46,72.6,14.5,6.59,2015/2016,Away
16,Rayo Vallecano,23,12.4,52,4,53.6,78,15.9,6.57,2015/2016,Away
17,Sporting Gijon,12,7.6,50,5,43.3,70.3,13.8,6.53,2015/2016,Away
18,Levante,14,10.8,64,2,46.3,74,17.8,6.5,2015/2016,Away
19,Espanyol,19,9.8,64,2,47.2,75.2,14.8,6.49,2015/2016,Away
20,Getafe,14,10.1,63,5,47,75.8,12.8,6.44,2015/2016,Away
1,Real Madrid,58,16.5,30,0,53.4,85.7,13.6,7.19,2016/2017,Away
2,Barcelona,52,14.7,43,1,60.9,85.4,9.2,7.15,2016/2017,Away
3,Atletico Madrid,30,10.3,48,1,47.3,76.6,18.5,6.99,2016/2017,Away
4,Villarreal,21,8.8,51,1,47.2,78.6,12.3,6.8,2016/2017,Away
5,Deportivo Alaves,22,9,58,4,44,73.3,18.5,6.75,2016/2017,Away
6,Real Sociedad,29,11.2,42,5,53.5,81,14.8,6.73,2016/2017,Away
7,Athletic Bilbao,17,11.8,47,2,49.4,74.6,19.3,6.71,2016/2017,Away
8,Sevilla,30,11.1,53,3,54.9,81.4,12.7,6.71,2016/2017,Away
9,Espanyol,21,6.9,45,1,43.8,74,14.6,6.71,2016/2017,Away
10,Eibar,27,11.1,59,4,45.6,70.4,16.2,6.7,2016/2017,Away
11,Valencia,24,9.7,56,4,48.6,78.4,12.7,6.65,2016/2017,Away
12,Celta Vigo,23,10.1,52,6,51.1,77.6,15.1,6.64,2016/2017,Away
13,Deportivo La Coruna,16,10.8,52,4,47,76.3,15.6,6.58,2016/2017,Away
14,Malaga,17,10.9,58,5,47.4,74.9,16.5,6.58,2016/2017,Away
15,Sporting Gijon,16,8.2,60,2,44,70.2,15.9,6.56,2016/2017,Away
16,Real Betis,19,9.8,52,3,47.5,75.2,15.4,6.55,2016/2017,Away
17,Leganes,14,10,54,2,44.6,72,19.2,6.55,2016/2017,Away
18,Las Palmas,20,10.5,54,3,55.7,84.2,9.5,6.45,2016/2017,Away
19,Osasuna,17,8.7,43,2,40.5,70.6,15.5,6.44,2016/2017,Away
20,Granada,13,8.3,59,1,44.3,75.3,12.8,6.43,2016/2017,Away
1,Barcelona,46,14.6,38,1,60.1,86.7,9.7,7.1,2017/2018,Away
2,Real Madrid,40,15.9,39,2,57.2,87.3,12.1,6.98,2017/2018,Away
3,Atletico Madrid,28,9.4,44,3,46.1,77.4,16.6,6.91,2017/2018,Away
4,Valencia,29,10.3,58,3,48.6,79.4,16.1,6.81,2017/2018,Away
5,Real Betis,25,9.2,55,2,54.7,84.3,13,6.73,2017/2018,Away
6,Villarreal,22,10.3,52,3,49,80.7,16,6.71,2017/2018,Away
7,Deportivo Alaves,19,8.8,44,0,41.7,72.7,16.6,6.67,2017/2018,Away
8,Girona,24,10.5,59,0,46.5,74.9,16.4,6.67,2017/2018,Away
9,Athletic Bilbao,22,10.6,56,0,49.6,77,17.9,6.65,2017/2018,Away
10,Real Sociedad,19,12.9,28,1,54.7,83.5,13.8,6.64,2017/2018,Away
11,Espanyol,16,8.9,51,1,46.1,76,15.9,6.63,2017/2018,Away
12,Sevilla,18,12.8,51,1,52.6,81.3,13.7,6.62,2017/2018,Away
13,Eibar,18,11.3,45,1,49.3,73.6,19.8,6.62,2017/2018,Away
14,Levante,19,9.4,58,2,43.2,73.8,12.9,6.62,2017/2018,Away
15,Celta Vigo,25,9.8,46,1,53.6,81.9,14.6,6.61,2017/2018,Away
16,Getafe,16,8.1,68,2,41.6,65.4,15.2,6.59,2017/2018,Away
17,Leganes,15,9.7,63,2,43.5,71.6,18,6.58,2017/2018,Away
18,Deportivo La Coruna,16,10.3,44,0,46.7,77.8,14.2,6.54,2017/2018,Away
19,Las Palmas,9,8.6,50,2,51.3,80,13.2,6.49,2017/2018,Away
20,Malaga,10,8.9,44,2,44.7,75.2,14.5,6.48,2017/2018,Away
1,Barcelona,39,12,44,0,62.1,88.1,12.9,6.9,2018/2019,Away
2,Atletico Madrid,23,10.8,47,4,48.5,79.2,18.5,6.78,2018/2019,Away
3,Valencia,27,10.5,44,3,47.3,78.9,14.2,6.74,2018/2019,Away
4,Real Madrid,31,13.5,48,4,56.2,86.4,13.6,6.73,2018/2019,Away
5,Villarreal,21,11.9,53,2,46.6,79.3,16.1,6.72,2018/2019,Away
6,Girona,20,9.3,43,1,46.9,77.4,19.6,6.7,2018/2019,Away
7,Real Sociedad,22,9.1,38,3,50.6,78.9,18.9,6.67,2018/2019,Away
8,Real Betis,19,9.7,43,1,58.8,86,11.7,6.66,2018/2019,Away
9,Sevilla,23,12.1,52,5,50.8,79.4,17.8,6.65,2018/2019,Away
10,Real Valladolid,16,9.4,49,0,45.1,73.2,17.7,6.61,2018/2019,Away
11,Leganes,18,9,48,2,41.5,71.6,24.4,6.61,2018/2019,Away
12,Getafe,20,9.2,61,3,41.5,61.1,24.3,6.6,2018/2019,Away
13,Levante,25,9.6,49,2,45.7,74,14.1,6.6,2018/2019,Away
14,Huesca,19,9.9,54,2,43.5,73.6,19.5,6.6,2018/2019,Away
15,Deportivo Alaves,20,9.6,51,1,43.8,71.1,20.6,6.59,2018/2019,Away
16,Espanyol,20,11.4,50,1,49.1,79.1,15.8,6.59,2018/2019,Away
17,Celta Vigo,22,11.1,34,4,50.7,81.1,17.1,6.58,2018/2019,Away
18,Eibar,15,11.6,40,1,50.7,71.9,24.8,6.57,2018/2019,Away
19,Athletic Bilbao,15,7.8,56,3,48.2,74.6,24.5,6.56,2018/2019,Away
20,Rayo Vallecano,16,11.3,46,4,49.2,79.3,13,6.55,2018/2019,Away
1,Real Madrid,30,13.2,37,3,55.9,86.1,15.5,6.88,2019/2020,Away
2,Barcelona,34,11.5,40,3,62.7,88.3,13.7,6.84,2019/2020,Away
3,Sevilla,28,11.4,52,1,54.1,81.8,19.5,6.78,2019/2020,Away
4,Atletico Madrid,23,10.4,53,1,48.6,77.5,23.9,6.71,2019/2020,Away
5,Villarreal,26,12.4,39,1,59.1,81.7,15.5,6.68,2019/2020,Away
6,Athletic Bilbao,20,8.7,38,1,47.3,73.3,25.6,6.62,2019/2020,Away
7,Getafe,18,9.9,68,2,43.8,59.2,25.6,6.62,2019/2020,Away
8,Real Sociedad,23,8.7,41,1,53.7,80.1,22.5,6.59,2019/2020,Away
9,Granada,26,9.4,61,1,44.3,70.8,20.2,6.59,2019/2020,Away
10,Osasuna,20,10.3,51,4,45.5,69.1,23.4,6.58,2019/2020,Away
11,Celta Vigo,15,8.4,53,1,50,79.9,17.8,6.56,2019/2020,Away
12,Leganes,13,10.8,65,2,43.7,71.9,22.7,6.56,2019/2020,Away
13,Real Betis,14,11.2,51,3,56,83.6,15.1,6.51,2019/2020,Away
14,Eibar,14,10.3,36,2,45,69.2,24.6,6.51,2019/2020,Away
15,Levante,20,10.8,37,2,48.2,77.4,13.1,6.51,2019/2020,Away
16,Real Valladolid,14,9.5,40,0,0,73.7,16.7,6.5,2019/2020,Away
17,Espanyol,12,9.9,51,7,45.3,72.8,18.8,6.45,2019/2020,Away
18,Valencia,17,7.7,39,6,49.3,81.2,14,6.43,2019/2020,Away
19,Mallorca,15,11.1,38,1,47.4,78.8,16.6,6.42,2019/2020,Away
20,Deportivo Alaves,14,7.2,45,6,40.9,68.4,23.5,6.38,2019/2020,Away
1,Real Madrid,34,12.8,37,0,57.8,87.3,12.2,6.9,2020/2021,Away
2,Barcelona,41,14.4,41,1,0,89.4,9.9,6.88,2020/2021,Away
3,Atletico Madrid,26,10.7,60,0,52.7,82.2,15.7,6.74,2020/2021,Away
4,Villarreal,31,9.2,36,1,52.9,83.7,12.5,6.69,2020/2021,Away
5,Sevilla,26,11.2,37,2,57.3,85.2,16.6,6.63,2020/2021,Away
6,Real Sociedad,25,11.1,37,0,53.6,80.5,17.3,6.62,2020/2021,Away
7,Celta Vigo,25,8,52,3,50.8,78.5,17.8,6.61,2020/2021,Away
8,Real Betis,23,11.7,47,5,52.1,81.3,16.6,6.6,2020/2021,Away
9,Osasuna,16,9.8,40,2,43.2,68.5,27.8,6.53,2020/2021,Away
10,Valencia,16,10.4,37,3,48.6,79.3,15.5,6.5,2020/2021,Away
11,Real Valladolid,15,10,46,2,45.7,74.6,19.2,6.5,2020/2021,Away
12,Eibar,17,10.6,28,1,47.3,72.7,21.9,6.5,2020/2021,Away
13,Huesca,17,10.2,34,2,46.8,80,15.5,6.49,2020/2021,Away
14,Cadiz,19,7.5,36,3,37.5,67.1,18.5,6.47,2020/2021,Away
15,Athletic Bilbao,17,9.5,37,2,49.5,77.6,18.7,6.46,2020/2021,Away
16,Deportivo Alaves,15,7.7,45,3,43.9,73.2,22.2,6.46,2020/2021,Away
17,Levante,19,8.7,35,0,51.7,79.7,12.7,6.46,2020/2021,Away
18,Getafe,13,8.5,58,5,17.9,67.3,21.7,6.43,2020/2021,Away
19,Elche,16,7.6,50,1,47.9,80.9,13.5,6.43,2020/2021,Away
20,Granada,22,8.8,49,2,42.4,69.5,18.8,6.42,2020/2021,Away
1,Real Madrid,36,15.6,42,0,59.3,88.3,10.6,6.84,2021/2022,Away
2,Barcelona,31,12,50,4,62.7,86.9,13.4,6.75,2021/2022,Away
3,Real Betis,28,11.7,41,2,52.8,82.4,13.1,6.7,2021/2022,Away
4,Atletico Madrid,32,10.7,52,3,51,80.8,13.6,6.62,2021/2022,Away
5,Villarreal,23,10.7,45,0,55.1,82.8,13.7,6.62,2021/2022,Away
6,Celta Vigo,17,9.4,47,1,52.4,77.9,15.3,6.61,2021/2022,Away
7,Real Sociedad,24,11.6,37,0,53.1,81,17.2,6.61,2021/2022,Away
8,Sevilla,17,10.2,47,2,60.5,84.6,16,6.57,2021/2022,Away
9,Osasuna,20,10.1,44,0,43.5,72.7,21.2,6.56,2021/2022,Away
10,Athletic Bilbao,14,10.5,42,3,44.9,75.2,15.9,6.55,2021/2022,Away
11,Cadiz,16,9.4,48,1,39.6,72.8,15.9,6.53,2021/2022,Away
12,Granada,22,10.4,55,1,43.2,72.8,15.5,6.52,2021/2022,Away
13,Valencia,22,9.7,65,3,43.7,71.5,16.3,6.51,2021/2022,Away
14,Rayo Vallecano,13,11.9,56,3,47.7,78.3,17.1,6.48,2021/2022,Away
15,Elche,16,6.8,54,2,45.9,78.1,13.8,6.46,2021/2022,Away
16,Getafe,12,9.2,60,4,38.8,71.7,19.1,6.44,2021/2022,Away
17,Espanyol,15,10.7,43,3,47.1,81,11.5,6.43,2021/2022,Away
18,Mallorca,16,10.4,53,6,44.2,76.3,18.3,6.42,2021/2022,Away
19,Levante,23,11.3,53,1,46.6,78.8,11.2,6.4,2021/2022,Away
20,Deportivo Alaves,14,8.1,43,2,40.5,69.6,23.5,6.36,2021/2022,Away
1,Real Madrid,31,15.6,39,2,59.8,89.4,8.9,6.76,2022/2023,Away
2,Barcelona,33,12.5,48,3,62.9,86.9,12.8,6.75,2022/2023,Away
3,Atletico Madrid,29,12.4,50,4,46.5,82.2,11.9,6.7,2022/2023,Away
4,Real Sociedad,25,11.9,44,1,53.5,81.9,16.8,6.63,2022/2023,Away
5,Villarreal,23,11.1,42,1,54.8,85.5,9.5,6.62,2022/2023,Away
6,Real Betis,20,10.6,38,6,49,82,11.5,6.59,2022/2023,Away
7,Espanyol,25,9,50,4,39.7,73.2,18.2,6.54,2022/2023,Away
8,Athletic Bilbao,25,12.5,41,3,50,80.3,13.2,6.53,2022/2023,Away
9,Sevilla,23,9.6,58,5,50,82.1,13.4,6.52,2022/2023,Away
10,Osasuna,13,9.7,47,4,45.1,75.7,17.6,6.49,2022/2023,Away
11,Girona,23,10.2,47,2,51.6,83.2,11.6,6.49,2022/2023,Away
12,Valencia,15,11.6,36,5,49.5,79.8,12.8,6.46,2022/2023,Away
13,Celta Vigo,17,11.1,44,4,47.9,80.2,12.2,6.46,2022/2023,Away
14,Mallorca,15,7.9,52,2,38.9,74.3,17.4,6.45,2022/2023,Away
15,Getafe,13,8,55,5,36.1,69.6,18.9,6.44,2022/2023,Away
16,Rayo Vallecano,17,11.9,45,4,47.8,78,11.3,6.43,2022/2023,Away
17,Real Valladolid,12,9.4,57,5,48.1,78.2,12.7,6.4,2022/2023,Away
18,Cadiz,11,9.8,51,5,39.1,74.8,14.4,6.39,2022/2023,Away
19,Almeria,20,11.2,48,2,43.2,78.3,11.5,6.39,2022/2023,Away
20,Elche,12,8.1,52,6,40.7,77.8,12.2,6.37,2022/2023,Away
